Date,GOOGL,FB,NFLX,AMZN,BBBY,COST,DLTR,FOX,Gold,PEP
2015-04-01,549.48999,81.669998,59.017143,370.26001,73.779182,139.5914,81.300003,31.535204,68.52388,87.257195
2015-04-02,541.309998,81.559998,59.154285,372.25,74.233482,140.882874,81.120003,32.055969,67.968102,87.807785
2015-04-06,543.950012,82.440002,60.330002,377.040009,74.900414,141.691223,80.980003,32.287418,69.050911,88.532707
2015-04-07,544.859985,82.32,60.494286,374.410004,74.136803,141.022232,80.580002,32.104183,67.824371,88.284943
2015-04-08,548.840027,82.279999,63.049999,381.200012,75.084068,141.226639,83.529999,32.046318,67.345238,88.119774
2015-04-09,548.02002,82.169998,62.785713,383.540009,71.005081,138.262756,82.75,32.248844,66.846954,88.413414
2015-04-10,548.539978,82.040001,64.938568,382.649994,70.976082,139.033905,82.870003,32.181339,68.217247,88.275764
2015-04-13,548.640015,83.010002,67.811432,382.359985,70.753769,138.457886,81.82,31.988455,68.236404,87.66095
2015-04-14,539.780029,83.519997,68.387146,385.109985,70.927757,138.922424,81.050003,31.949888,69.57795,88.541885
2015-04-15,541.039978,82.709999,67.922859,383.450012,70.579788,138.504288,81.209999,31.998106,71.31237,88.670349
2015-04-16,543.52002,82.309998,80.292854,386.040009,70.193153,136.683258,81.029999,31.998106,72.222702,88.505157
2015-04-17,532.73999,80.779999,81.650002,375.559998,69.07193,134.323288,79.139999,31.458052,71.532761,87.917892
2015-04-20,544.530029,83.089996,81.055717,389.51001,69.893524,135.939926,79.709999,31.940237,72.241859,88.551064
2015-04-21,542.919983,83.620003,80.062859,391.179993,70.067505,136.896942,80.779999,31.949888,72.193947,88.807983
2015-04-22,549.179993,84.629997,79.668571,389.799988,69.961182,136.562424,80.57,32.123478,71.101555,89.266808
2015-04-23,557.460022,82.410004,79.865715,389.98999,70.367149,136.859772,81.010002,32.451363,72.912628,87.844475
2015-04-24,573.659973,81.529999,79.771431,445.100006,70.106171,137.621643,81.139999,32.750317,71.436943,87.330605
2015-04-27,566.119995,81.910004,80.868568,438.559998,68.675629,136.543839,80.419998,32.605663,71.139877,86.706635
2015-04-28,564.369995,80.68,80.437141,429.309998,68.810944,136.218658,79.970001,32.586376,74.158348,86.64238
2015-04-29,561.390015,80.470001,80.407143,429.369995,68.598305,134.588257,77.470001,32.576733,74.704536,86.605682
2015-04-30,548.77002,78.769997,79.5,421.779999,68.105331,133.274612,76.410004,32.162052,72.989288,87.284737
2015-05-01,551.159973,78.989998,79.575714,422.869995,69.023605,135.454697,77.730003,32.451363,72.62516,87.688492
2015-05-04,552.840027,78.809998,79.271431,423.040009,69.603561,135.790085,77.309998,32.383862,72.970123,88.046349
2015-05-05,543.039978,77.559998,80.792854,421.190002,68.68528,134.625519,76.339996,32.017395,71.925644,87.560005
2015-05-06,535.080017,78.099998,80.077141,419.100006,68.134338,134.87709,77.150002,31.853447,70.900314,87.615074
2015-05-07,542.039978,78.43,80.748573,426.880005,68.240662,134.681427,78.010002,31.188028,70.660767,87.312256
2015-05-08,548.950012,78.510002,82.085716,433.690002,69.052589,135.91124,79.18,31.284464,70.287048,88.596954
2015-05-11,545.780029,78.010002,84.278572,432.850006,67.950684,134.41124,78.980003,31.351969,70.354126,88.413414
2015-05-12,538.72998,77.459999,83.377144,431.019989,67.796043,134.22493,79.209999,31.216955,70.909904,88.275764
2015-05-13,539.48999,78.440002,82.872856,426.869995,67.428741,133.451645,77.849998,31.486982,73.248016,88.468491
2015-05-14,549.200012,81.370003,83.835716,432.279999,67.322403,132.855392,76.970001,31.882381,73.391747,89.927498
2015-05-15,546.48999,80.419998,87.60714,426,70.898758,134.932983,78.370003,32.432072,72.989288,90.129379
2015-05-18,546.669983,80.879997,88.267143,425.23999,71.304718,135.147263,78.419998,32.287418,73.161766,89.973381
2015-05-19,549.280029,80.629997,88.068573,421.709991,70.531448,134.849136,77.550003,32.962482,70.689507,89.881615
2015-05-20,552.51001,80.550003,88.790001,423.859985,69.052589,133.68457,76.260002,33.00106,71.03447,89.643028
2015-05-21,556.809998,80.480003,89.002853,431.630005,69.294235,134.103775,78.68,33.203583,70.861992,89.19339
2015-05-22,554.52002,80.540001,88.83857,427.630005,69.3619,133.861542,77.18,32.894978,70.497864,88.330826
2015-05-26,547.190002,79.330002,87.992859,425.470001,68.308319,133.460968,75.5,32.596024,67.996849,87.899544
2015-05-27,554.25,80.550003,89.85714,431.420013,68.772293,135.482635,76.339996,32.798538,68.581375,88.440948
2015-05-28,554.179993,80.150002,89.507141,426.570007,69.3619,134.401901,76.190002,32.567089,69.156319,89.064934
2015-05-29,545.320007,79.190002,89.151428,429.230011,68.936607,132.846039,74.989998,32.248844,69.213821,88.486824
2015-06-01,549.210022,80.290001,89.002853,430.920013,69.139572,132.659714,76.980003,32.268131,69.232979,88.064713
2015-06-02,553.950012,80.440002,89.129997,430.98999,68.694962,131.737366,77.690002,32.162052,70.085823,88.13813
2015-06-03,555.289978,82.440002,88.808571,436.589996,68.230988,132.41748,79.080002,32.374214,68.45681,88.094215
2015-06-04,551.690002,82.050003,89.348572,430.779999,67.767044,131.03862,78.830002,32.316349,68.035179,87.021927
2015-06-05,549.530029,82.139999,90.459999,426.950012,67.477066,129.296402,77.639999,31.930601,66.971527,86.014328
2015-06-08,543.47998,80.669998,89.604286,423.5,67.109756,128.616302,77.110001,31.824516,67.747711,85.820221
2015-06-09,542.159973,80.669998,92.449997,425.480011,66.549133,128.606934,77.089996,31.554491,67.632721,86.032837
2015-06-10,552.599976,82.160004,95.871429,430.769989,67.4384,129.901978,78.230003,31.679855,69.395889,86.605965
2015-06-11,550.039978,81.830002,95.094284,432.970001,67.457726,129.799484,78.629997,31.650932,69.223396,86.975708
2015-06-12,547.469971,81.529999,94.418571,429.920013,67.62204,129.296402,78.769997,31.429121,68.48555,86.652168
2015-06-15,543,80.709999,93.431427,423.670013,66.984123,127.852303,77.910004,31.110872,68.52388,85.635345
2015-06-16,544.869995,81.059998,95.272858,427.26001,67.351418,128.551102,78.550003,31.02408,67.479393,86.476547
2015-06-17,546.599976,81.790001,94.271431,427.809998,67.728378,129.389587,79.720001,31.332685,68.303482,86.938744
2015-06-18,556.179993,82.910004,94.742859,439.390015,68.723946,130.898865,80.309998,31.621996,69.146744,88.029503
2015-06-19,557.52002,82.510002,93.871429,434.920013,68.375977,130.71254,79.559998,31.554491,67.383575,87.687492
2015-06-22,559.679993,84.739998,96.414284,436.290009,68.153664,130.610031,80.639999,31.814877,67.16317,88.371521
2015-06-23,563.390015,87.879997,97.312859,445.98999,68.385651,130.106934,80.370003,31.882381,66.674484,88.371521
2015-06-24,558.570007,88.860001,96.944283,440.839996,67.989357,128.886459,80.57,31.361614,67.556061,88.084976
2015-06-25,557.950012,87.980003,94.891426,440.100006,66.916451,128.057312,80.459999,31.448408,66.827789,87.659744
2015-06-26,553.059998,88.010002,93.08857,438.100006,68.73362,128.625626,81.660004,31.631638,66.032455,87.733704
2015-06-29,541.25,85.800003,92.23143,429.859985,66.471802,126.417572,79.349998,30.74441,65.82164,86.605965
2015-06-30,540.039978,85.769997,93.848572,434.089996,66.674805,125.83062,78.989998,31.072302,64.154297,86.28241
2015-07-01,543.299988,86.910004,93.635712,437.390015,67.129082,127.162872,80.110001,31.303751,62.314472,87.373199
2015-07-02,547.340027,87.290001,94.044289,437.709991,66.74247,127.069725,79.809998,31.072302,63.771008,87.502617
2015-07-06,545.619995,87.550003,94.571426,436.040009,66.423492,126.594589,80.080002,31.091591,64.202209,87.26226
2015-07-07,550.030029,87.220001,94.091431,436.720001,66.829453,130.898865,80.339996,31.313395,61.471226,89.111053
2015-07-08,541.700012,85.650002,93.507141,429.700012,65.814529,130.339828,79.220001,30.667263,61.490383,88.380783
2015-07-09,544.650024,85.879997,95.727142,434.390015,65.118607,129.920609,78.980003,30.802275,61.720367,87.437897
2015-07-10,556.109985,87.949997,97.228569,443.51001,65.650215,132.967163,80.470001,31.380903,61.480808,88.325317
2015-07-13,571.72998,90.099998,101.087143,455.570007,66.790787,134.215607,82.110001,31.930601,62.362392,89.869041
2015-07-14,584.179993,89.68,100.371429,465.570007,66.500824,134.094437,82.400002,31.940237,61.940758,89.785835
2015-07-15,583.960022,89.760002,98.129997,461.190002,66.723137,133.814972,81.800003,31.998106,60.87711,89.064819
2015-07-16,601.780029,90.849998,115.809998,475.480011,67.138763,134.467133,82.18,32.277779,60.829197,89.573227
2015-07-17,699.619995,94.970001,114.769997,483.01001,65.969193,134.793198,81.669998,32.017395,59.296013,89.462311
2015-07-20,692.840027,97.910004,110.550003,488.100006,65.659897,135.128601,81.540001,31.959532,56.114651,89.952232
2015-07-21,695.349976,98.389999,112.510002,488,65.157265,135.035461,79.82,31.583422,57.389111,89.600967
2015-07-22,695.099976,97.040001,111.5,488.269989,65.369911,136.37706,79.209999,31.776299,57.714909,89.822815
2015-07-23,674.72998,95.440002,110.099998,482.179993,65.021942,135.650345,78.239998,31.323038,55.875092,89.545502
2015-07-24,654.77002,96.949997,109.339996,529.419983,63.601063,135.082062,78.529999,31.660574,57.925728,88.907684
2015-07-27,658.27002,94.169998,106.43,531.409973,62.914795,134.392624,77.739998,31.139809,55.185154,88.426994
2015-07-28,659.659973,95.290001,106.900002,526.030029,63.117786,134.672119,78.139999,31.554491,56.517109,88.842957
2015-07-29,661.429993,96.989998,107.080002,529,62.769814,135.445374,77.589996,31.814877,58.011967,89.231216
2015-07-30,664.559998,95.209999,111.559998,536.76001,63.050125,135.37085,77.589996,31.882381,56.555443,89.323654
2015-07-31,657.5,94.010002,114.309998,536.150024,63.050125,135.37085,78.029999,32.325996,57.849064,89.064819
2015-08-03,664.719971,94.139999,112.559998,535.030029,62.218861,135.575821,77.660004,32.181339,55.980492,90.081642
2015-08-04,661.280029,94.059998,121.150002,531.900024,62.286522,134.942261,77.800003,32.21027,56.172146,90.414436
2015-08-05,673.289978,96.440002,123.709999,537.01001,61.919224,136.852203,78.580002,30.05006,56.641678,91.690094
2015-08-06,670.150024,95.120003,126.449997,529.460022,61.078293,136.432953,77.599998,28.024862,57.542427,91.653114
2015-08-07,664.390015,94.300003,123.519997,522.619995,61.18462,135.333603,77.260002,29.297842,57.74366,91.606888
2015-08-10,663.140015,94.150002,123.029999,524,61.861225,136.255966,78.110001,29.066391,59.315182,91.597641
2015-08-11,690.299988,93.620003,122.739998,527.460022,61.706573,135.920563,77.690002,28.670998,59.650558,91.163193
2015-08-12,691.469971,94.190002,120.510002,525.909973,61.774231,136.854782,77.32,28.429901,62.525284,90.941338
2015-08-13,686.51001,93.43,123.730003,529.659973,61.542252,135.715042,77.330002,28.584202,59.363087,91.320343
2015-08-14,689.369995,94.419998,123.389999,531.52002,61.194286,136.481079,77.779999,28.844585,59.430168,91.727074
2015-08-17,694.109985,93.93,125.360001,535.219971,61.155621,136.481079,78.480003,29.076036,60.244671,92.309418
2015-08-18,688.72998,95.169998,124.050003,535.02002,61.3876,136.051331,79.370003,28.979597,59.803879,92.226234
2015-08-19,694.039978,95.309998,122.059998,532.919983,61.406929,135.621567,80.919998,28.748144,60.551308,91.505211
2015-08-20,679.47998,90.559998,112.489998,515.780029,60.681992,134.257614,80.379997,27.658398,63.876415,90.571579
2015-08-21,644.030029,86.059998,103.959999,494.470001,59.802402,129.848068,76.349998,26.925468,63.004414,88.972397
2015-08-24,618.109985,82.089996,96.879997,463.369995,57.927242,124.224037,73.709999,25.893581,59.842209,84.886597
2015-08-25,612.469971,83,101.519997,466.369995,58.062557,123.98114,73.160004,25.941803,59.2481,82.862198
2015-08-26,659.73999,87.190002,110.129997,500.769989,59.164455,129.072647,77.339996,26.510786,56.296715,85.496681
2015-08-27,667.960022,89.730003,117.660004,518.369995,60.411354,130.987823,76.790001,26.935114,58.194031,86.522758
2015-08-28,659.690002,91.010002,117.629997,518.01001,60.237362,130.744934,76.730003,27.079771,58.682739,86.458046
2015-08-31,647.820007,89.43,115.029999,512.890015,60.034389,130.838348,76.260002,26.674732,57.772408,85.903404
2015-09-01,629.559998,87.230003,105.790001,496.540009,58.82616,129.20343,69.650002,25.816437,56.833328,84.424393
2015-09-02,644.909973,89.889999,105.440002,510.549988,59.928066,131.184006,67.589996,26.202185,56.718338,85.367592
2015-09-03,637.049988,88.150002,101.059998,504.720001,60.218033,131.240051,67,26.221474,56.114651,85.824051
2015-09-04,628.960022,88.260002,98.790001,499,60.015053,129.371628,68.089996,26.105106,54.763531,84.696869
2015-09-08,643.880005,89.529999,94.949997,517.539978,61.213612,132.127579,68.790001,26.793613,54.591049,86.04763
2015-09-09,643.409973,90.440002,99.18,516.890015,60.52734,130.492676,67.940002,26.172987,53.939442,84.613045
2015-09-10,651.080017,91.980003,99.480003,522.23999,60.082714,130.800949,66.059998,26.20208,54.131092,84.827286
2015-09-11,655.299988,92.050003,97.510002,529.440002,59.444767,131.772568,66.459999,26.085711,55.424713,85.348976
2015-09-14,652.469971,92.309998,95.690002,521.380005,59.096798,131.865982,65.339996,25.862671,53.201595,84.95771
2015-09-15,665.070007,92.900002,99.160004,522.369995,59.773407,133.061813,66.239998,26.066313,53.230343,85.758842
2015-09-16,665.52002,93.449997,104.080002,527.390015,60.063381,134.1642,67.709999,26.250563,56.277554,86.699715
2015-09-17,671.669983,94.339996,104.209999,538.869995,59.812069,133.92131,67.830002,26.231169,56.804581,86.979164
2015-09-18,660.919983,94.400002,102.620003,540.26001,57.965904,132.482574,66.650002,25.629938,57.916142,86.681091
2015-09-21,666.97998,95.550003,100.300003,548.390015,58.468525,133.790543,67.849998,25.794792,56.373379,87.295906
2015-09-22,653.200012,92.959999,98.470001,538.400024,58.062557,133.267349,69.18,25.775396,54.514385,86.04763
2015-09-23,653.289978,93.970001,98.07,536.070007,57.84024,135.864456,69.889999,25.717213,54.380234,86.075569
2015-09-24,654.909973,94.410004,103.760002,533.75,57.34729,135.341309,69.25,25.426294,58.261108,86.140785
2015-09-25,640.150024,92.769997,102.239998,524.25,57.79192,135.976593,70.110001,25.19356,57.101639,87.072334
2015-09-28,624.25,89.209999,99.470001,504.059998,55.240139,134.108154,68.699997,24.640812,55.386387,86.140785
2015-09-29,622.609985,86.669998,98.349998,496.070007,54.631195,134.266953,66.239998,25.096588,55.309727,86.671761
2015-09-30,638.369995,89.900002,103.260002,511.890015,55.114483,135.061066,66.660004,26.250563,56.622517,87.84552
2015-10-01,642,90.949997,105.980003,520.719971,55.684765,135.051727,67.440002,26.65785,56.277554,87.426308
2015-10-02,656.98999,92.07,106.110001,532.539978,55.472122,136.266205,66.949997,27.443329,60.704624,87.715111
2015-10-05,671.679993,94.010002,111.25,543.679993,57.414955,138.330856,68.120003,27.831224,61.241241,89.252174
2015-10-06,671.640015,92.800003,108.330002,537.47998,57.704922,138.648483,65.190002,27.588791,62.036587,90.425926
2015-10-07,670,92.400002,108.099998,541.940002,56.970318,138.228104,62.900002,27.646973,62.879841,91.77668
2015-10-08,667,92.470001,114.93,533.159973,57.240967,141.684708,62.080002,28.025167,62.812767,92.195892
2015-10-09,671.23999,93.239998,113.330002,539.799988,57.008987,143.842773,63.360001,28.025167,65.026306,92.661659
2015-10-12,676.429993,94.260002,113.449997,550.190002,56.941326,143.525146,63.049999,27.966984,63.943489,92.35424
2015-10-13,683.169983,94.120003,109.730003,548.900024,56.139061,142.263931,63.459999,28.083349,63.953068,91.217751
2015-10-14,680.409973,94.07,110.230003,544.830017,55.433456,139.984421,61.380001,27.860313,67.038605,90.817177
2015-10-15,693.02002,95.959999,101.089996,562.440002,55.974743,141.787491,62.799999,28.548822,66.837372,91.553108
2015-10-16,695.320007,97.540001,98.989998,570.76001,56.342041,142.05838,63.459999,28.762161,66.396584,92.875908
2015-10-19,699.950012,98.470001,101.690002,573.150024,56.690014,143.142105,63.830002,28.771862,65.380852,93.323067
2015-10-20,680,97,98.989998,560.880005,56.506359,144.393967,64.120003,28.927017,67.297333,93.406898
2015-10-21,671.799988,97.110001,97.959999,555.77002,55.791092,145.001221,64.279999,28.645798,66.252846,93.38826
2015-10-22,681.140015,99.669998,97.32,563.909973,56.72868,147.747833,64.800003,29.179146,66.339088,96.024574
2015-10-23,719.330017,102.190002,100.040001,599.030029,57.2313,145.496368,62.529999,29.499155,68.217247,95.419052
2015-10-26,731.119995,103.769997,103.040001,608.609985,57.076641,146.421234,63.68,29.654314,65.96537,95.521523
2015-10-27,732.820007,103.699997,103.07,611.01001,55.733097,147.383499,63.02,29.363396,66.272011,95.89415
2015-10-28,736.919983,104.199997,105.800003,617.099976,56.216393,147.383499,63.959999,29.489456,66.434914,95.70784
2015-10-29,744.849976,104.879997,105.120003,626.549988,55.75243,147.869293,64.860001,29.722195,64.202209,95.763733
2015-10-30,737.390015,101.970001,108.379997,625.900024,57.637264,147.719803,65.489998,29.945232,64.077644,95.19548
2015-11-02,747.73999,103.309998,107.639999,628.349976,57.946568,148.682068,66.220001,30.168268,63.885994,94.459557
2015-11-03,748.820007,102.580002,109.739998,625.309998,59.270786,148.355103,67.550003,30.546463,63.368542,94.012413
2015-11-04,755.309998,103.940002,114.050003,640.950012,58.217213,146.813629,67.160004,28.994896,62.209064,93.732948
2015-11-05,760.669983,108.760002,113.5,655.650024,58.903477,145.991516,67.709999,28.975502,59.851791,93.72364
2015-11-06,761.599976,107.099998,114.059998,659.369995,59.203125,147.187302,67.970001,29.169449,57.245377,92.894547
2015-11-09,754.77002,106.489998,109.860001,655.48999,58.101219,144.954498,67.610001,28.800953,58.395264,92.112038
2015-11-10,758.26001,107.910004,112.699997,659.679993,57.55994,146.499939,67.849998,29.411882,57.130386,92.065468
2015-11-11,765.25,109.010002,112.860001,673.25,55.143478,146.481232,66.5,29.421579,57.734077,92.624397
2015-11-12,756.530029,108.019997,108.919998,665.599976,54.77618,146.115952,66.57,29.440973,57.437019,91.63694
2015-11-13,740.070007,103.949997,103.650002,642.349976,51.741116,143.933548,62.209999,29.111267,57.571178,91.329536
2015-11-16,750.419983,104.040001,111.349998,647.809998,51.576801,146.53743,62.790001,29.683405,58.443176,92.745491
2015-11-17,745.97998,105.129997,117.099998,643.299988,51.296486,148.822815,64.230003,29.508854,56.919575,92.065468
2015-11-18,760.01001,107.769997,120.629997,663.539978,52.282402,151.03331,66.629997,29.702799,58.883968,93.406898
2015-11-19,759.940002,106.260002,120.220001,661.27002,52.011761,152.513214,67.160004,29.402184,58.931877,94.021721
2015-11-20,777,107.32,123.839996,668.450012,51.82811,152.766068,68.419998,29.615522,57.322033,93.248535
2015-11-23,776.700012,106.949997,125.029999,678.98999,51.122498,153.093933,69.550003,29.460367,57.034561,93.947197
2015-11-24,769.630005,105.739998,123.309998,671.150024,52.321068,151.913742,74.160004,29.334301,58.94146,93.742264
2015-11-25,769.26001,105.410004,124.160004,675.340027,53.287643,152.101044,74.93,29.402184,57.85865,93.621147
2015-11-27,771.969971,105.449997,125.440002,673.26001,53.577621,153.215683,75.080002,28.994896,57.667004,93.844727
2015-11-30,762.849976,104.239998,123.330002,664.799988,52.698025,151.19252,75.459999,29.043383,58.069462,93.304436
2015-12-01,783.789978,107.120003,125.370003,679.059998,52.079422,151.070755,75.970001,29.344,60.800449,94.14283
2015-12-02,777.849976,106.07,128.929993,676.01001,51.944096,150.883453,76.040001,29.043383,60.091351,93.319679
2015-12-03,768.200012,104.379997,126.809998,666.25,51.576801,153.299973,74.089996,28.810648,60.397991,92.953812
2015-12-04,779.210022,106.18,130.929993,672.640015,52.572376,156.231674,77.239998,29.091871,62.45821,94.801819
2015-12-07,772.98999,105.610001,125.360001,669.830017,52.504711,156.531372,78.449997,29.120962,60.05302,94.435982
2015-12-08,775.140015,106.489998,126.980003,677.330017,52.050423,158.170517,79.480003,28.607006,58.778564,93.966942
2015-12-09,762.549988,104.599998,124.199997,664.789978,51.634785,149.60025,78.449997,28.093048,60.273422,92.991333
2015-12-10,760.039978,105.419998,122.910004,662.320007,52.079422,151.604645,77.809998,28.170628,60.033859,92.775589
2015-12-11,750.419983,102.120003,118.910004,640.150024,50.871185,149.881226,76.449997,27.30757,59.7943,91.72493
2015-12-14,762.539978,104.660004,120.669998,657.909973,50.455563,151.585907,77.709999,27.152411,57.542427,91.884415
2015-12-15,760.090027,104.550003,118.599998,658.640015,51.025848,151.070755,77.339996,27.249386,57.829899,93.235237
2015-12-16,776.590027,106.790001,122.639999,675.77002,51.789448,152.447601,78.860001,27.637276,59.593063,94.820587
2015-12-17,769.830017,106.220001,122.510002,670.650024,49.981937,150.49942,76.580002,27.37545,56.766254,93.995079
2015-12-18,756.849976,104.040001,118.019997,664.140015,48.483738,147.708237,76.089996,26.987556,57.034561,91.837509
2015-12-21,760.799988,104.769997,116.629997,664.51001,48.677052,149.291138,76.900002,26.754824,57.571178,92.512924
2015-12-22,767.130005,105.510002,116.239998,663.150024,49.604969,151.014587,77.860001,26.764523,58.328182,93.619858
2015-12-23,768.51001,104.629997,118.160004,663.700012,47.333504,151.464188,77.040001,26.764523,60.235092,94.407845
2015-12-24,765.840027,105.019997,117.330002,662.789978,47.314167,151.501633,76.68,26.706335,60.541725,94.314026
2015-12-28,782.23999,105.93,117.110001,675.200012,47.101521,150.94899,77.239998,26.619061,59.487663,94.445351
2015-12-29,793.960022,107.260002,119.120003,693.969971,47.256176,152.353989,78.019997,26.764523,59.7943,95.167679
2015-12-30,790.299988,106.220001,116.709999,689.070007,46.985531,152.400787,77.620003,26.522087,59.458912,94.886261
2015-12-31,778.01001,104.660004,114.379997,675.890015,46.637569,151.267441,77.220001,26.405718,59.343922,93.732422
2016-01-04,759.440002,102.220001,109.959999,636.98999,46.850216,149.431671,78.809998,25.804491,59.870956,92.653641
2016-01-05,761.530029,102.730003,107.660004,633.789978,47.401165,149.796951,79.980003,25.794792,59.966785,93.291519
2016-01-06,759.330017,102.970001,117.68,632.650024,45.448666,148.41069,80.519997,25.697817,60.445904,93.319679
2016-01-07,741,97.919998,114.559998,607.940002,44.955708,145.010712,78.449997,25.135374,62.994827,91.527946
2016-01-08,730.909973,97.330002,111.389999,607.049988,45.081367,142.472412,77.790001,25.145075,61.116669,91.190231
2016-01-11,733.070007,97.510002,114.970001,617.73999,44.598076,144.917038,77.360001,25.212955,60.062607,91.405998
2016-01-12,745.340027,99.370003,116.580002,617.890015,44.105122,146.172134,78.699997,25.659029,58.443176,91.574852
2016-01-13,719.570007,95.440002,106.559998,581.809998,42.954887,142.481766,75.480003,25.028706,59.142696,90.524208
2016-01-14,731.390015,98.370003,107.059998,593,42.751904,143.474594,75.699997,25.969343,58.481503,89.87693
2016-01-15,710.48999,94.970001,104.040001,570.179993,42.906555,140.861389,75.300003,25.377808,59.52599,88.113358
2016-01-19,719.080017,95.260002,107.889999,574.47998,41.775661,140.93631,76.889999,25.775396,58.337772,89.839409
2016-01-20,718.559998,94.349998,107.739998,571.77002,41.485683,139.390869,76.029999,24.970524,60.685463,87.963272
2016-01-21,726.669983,94.160004,102.349998,575.02002,41.910984,140.85202,77.029999,24.84446,62.400719,88.619919
2016-01-22,745.460022,97.940002,100.720001,596.380005,42.229954,143.952316,77.260002,25.610544,62.927753,89.914467
2016-01-25,733.619995,97.010002,99.120003,596.530029,41.93998,141.226685,76.599998,25.212955,62.870255,89.998886
2016-01-26,733.789978,97.339996,97.830002,601.25,42.587585,139.091141,77.690002,26.143894,66.089951,90.355354
2016-01-27,717.580017,94.449997,91.150002,583.349976,41.621006,138.369919,77.970001,25.775396,66.233688,89.998886
2016-01-28,748.299988,109.110001,94.410004,635.349976,40.538433,140.112045,78.910004,25.435993,66.588226,91.415367
2016-01-29,761.349976,112.209999,91.839996,587,41.727329,141.545135,81.32,26.279657,67.766869,93.150818
2016-02-01,770.77002,115.089996,94.089996,574.809998,42.200954,141.666885,81.980003,26.289354,69.539619,92.897537
2016-02-02,780.909973,114.610001,91.489998,552.099976,40.992725,139.091141,81.690002,25.271137,69.501289,92.128326
2016-02-03,749.380005,112.690002,90.739998,531.070007,41.282696,137.405167,79.589996,25.697817,72.059792,92.606735
2016-02-04,730.030029,110.489998,89.709999,536.26001,41.804657,134.201859,76.669998,25.435993,73.592987,91.359093
2016-02-05,703.76001,104.07,82.790001,502.130005,41.968971,134.866867,76.559998,24.282015,75.03035,91.293419
2016-02-08,704.159973,99.75,83.32,488.100006,42.278282,137.70491,75.330002,23.797152,81.565559,91.481041
2016-02-09,701.02002,99.540001,86.129997,482.070007,42.210613,138.56662,75.239998,23.477139,80.540237,92.19397
2016-02-10,706.849976,101,88.449997,490.480011,42.017307,139.045593,75.150002,23.719568,81.124763,91.574852
2016-02-11,706.359985,101.910004,86.349998,503.820007,40.780079,137.730728,73.43,23.962004,84.191139,90.899437
2016-02-12,706.890015,102.010002,87.400002,507.079987,41.505016,139.6091,75.230003,23.923216,86.510078,92.390984
2016-02-16,717.640015,101.610001,89.050003,521.099976,43.119205,140.041107,78.550003,24.854153,80.885216,92.494148
2016-02-17,731.969971,105.199997,94.760002,534.099976,44.201778,141.731644,80.879997,25.668726,83.510788,93.385338
2016-02-18,717.51001,103.470001,90.489998,525,45.448666,139.6091,79.290001,25.620241,86.490921,93.451004
2016-02-19,722.109985,104.57,89.230003,534.900024,44.936378,139.656067,79.440002,25.882067,87.056274,93.413483
2016-02-22,729.049988,107.160004,91.93,559.5,46.115604,140.933334,81.669998,26.483299,87.0467,93.685516
2016-02-23,717.289978,105.459999,89.120003,552.940002,45.922295,141.215118,81.690002,26.20208,87.937859,93.375961
2016-02-24,720.900024,106.879997,91.610001,554.039978,46.724552,144.511612,81.650002,26.502693,87.228767,93.507278
2016-02-25,729.119995,108.07,94.529999,555.150024,46.627899,145.309921,82.300003,26.55118,86.749641,94.435982
2016-02-26,724.859985,107.919998,94.790001,555.22998,47.352837,140.576431,81.629997,26.376631,85.647667,92.269012
2016-02-29,717.219971,106.919998,93.410004,552.52002,46.347591,140.905167,80.25,26.337837,87.439575,91.762466
2016-03-01,742.169983,109.82,98.300003,579.039978,47.787796,141.365387,82.029999,27.181503,84.095314,92.953812
2016-03-02,739.47998,109.949997,97.610001,580.210022,47.478493,143.497314,78.769997,26.8421,84.909813,92.899498
2016-03-03,731.590027,109.580002,97.93,577.48999,48.957363,142.379684,77.449997,27.152411,86.165115,93.683655
2016-03-04,730.219971,108.389999,101.580002,575.140015,49.604969,141.72226,78.389999,27.142715,87.209595,94.477264
2016-03-07,712.799988,105.730003,95.489998,562.799988,50.349236,139.158295,76.82,27.425449,87.439575,93.768684
2016-03-08,713.530029,105.93,96.230003,560.26001,49.546978,141.769211,75.959999,27.132963,85.034386,94.231613
2016-03-09,725.409973,107.510002,98,559.469971,49.421314,143.741501,76.730003,27.376703,85.599754,94.666214
2016-03-10,732.169983,107.32,97.360001,558.929993,48.425739,143.572433,79.82,27.279209,87.832458,95.21418
2016-03-11,744.869995,109.410004,97.660004,569.609985,48.986355,143.42218,80.019997,27.483948,86.366341,95.714905
2016-03-14,750.23999,109.889999,98.129997,573.369995,48.445068,143.384598,80.959999,27.4352,84.401955,95.09137
2016-03-15,750.570007,110.669998,97.860001,577.02002,47.584812,144.802765,81.18,27.415701,86.011803,95.563744
2016-03-16,757.359985,112.18,99.349998,574.27002,47.961777,144.690079,81.43,27.503447,88.599045,95.261421
2016-03-17,758.47998,111.019997,99.720001,559.440002,47.68148,144.483459,80.419998,27.503447,90.28804,96.243996
2016-03-18,755.409973,111.449997,101.120003,552.080017,48.812374,143.835388,80.019997,27.483948,90.201172,95.696022
2016-03-21,762.159973,111.849998,101.059998,553.97998,48.754383,144.577362,80.459999,27.337706,88.888596,95.932213
2016-03-22,760.049988,112.25,99.839996,560.47998,48.493401,142.971359,79.010002,27.298706,89.51593,95.20475
2016-03-23,757.559998,112.540001,99.589996,569.630005,47.807125,144.173477,78.959999,27.288958,85.414116,95.242523
2016-03-24,754.840027,113.050003,98.360001,582.950012,47.749134,142.220016,78.519997,27.318205,86.958328,95.119713
2016-03-28,753.280029,113.690002,101.209999,579.869995,47.555817,143.384598,80.839996,27.288958,86.678436,95.403145
2016-03-29,765.890015,116.139999,104.129997,593.859985,47.874786,145.817078,81.349998,27.464451,89.853722,95.771614
2016-03-30,768.340027,114.699997,102.190002,598.690002,47.932789,148.014786,83.199997,27.493698,87.769043,97.0187
2016-03-31,762.900024,114.099998,102.230003,593.640015,47.981117,147.995972,82.459999,27.493698,87.64357,96.820297
2016-04-01,769.669983,116.059998,105.699997,598.5,47.85545,148.625229,83.309998,28.390657,87.382988,98.0485
2016-04-04,765.119995,112.550003,104.349998,593.190002,47.623482,148.136841,82.540001,28.283411,85.114937,98.086296
2016-04-05,758.570007,112.220001,104.940002,586.140015,47.420498,146.502716,80.400002,28.078669,86.900429,97.406067
2016-04-06,768.070007,113.709999,104.830002,602.080017,47.178852,147.235214,80.959999,28.624645,87.093452,98.180771
2016-04-07,760.119995,113.639999,104.449997,591.429993,47.333504,142.783539,80.639999,28.098169,89.207085,97.878441
2016-04-08,759.469971,110.629997,103.809998,594.599976,45.419674,142.426651,79.660004,28.05917,90.789902,99.276703
2016-04-11,757.539978,108.989998,102.68,595.929993,44.849392,139.984787,78.910004,27.961676,92.884232,98.539787
2016-04-12,764.320007,110.610001,106.980003,603.169983,45.564659,141.365387,80.160004,28.683142,94.553909,99.116096
2016-04-13,771.909973,110.510002,109.650002,614.820007,46.318588,142.642685,80.43,29.13162,91.301422,98.369736
2016-04-14,775.390015,110.839996,110.419998,620.75,46.241264,142.191849,80.25,29.043877,89.00441,97.462746
2016-04-15,780,109.639999,111.510002,625.890015,46.434586,143.854187,81.75,29.092623,91.233864,98.03904
2016-04-18,787.679993,110.449997,108.400002,635.349976,46.299263,143.976288,82.559998,29.326612,89.805473,97.991814
2016-04-19,776.25,112.290001,94.339996,627.900024,46.415253,144.33316,82.720001,29.287615,93.000053,98.558678
2016-04-20,774.919983,112.419998,96.769997,632.98999,46.985531,143.450333,81.82,29.219366,89.554535,96.782524
2016-04-21,780,113.440002,94.980003,631,47.13052,142.210617,81.900002,29.336361,90.838158,95.412582
2016-04-22,737.77002,110.559998,95.900002,620.5,47.497822,140.801865,80.949997,29.979832,90.017799,96.347923
2016-04-25,742.210022,110.099998,93.559998,626.200012,46.598904,142.295151,80.919998,30.155321,88.212997,97.122627
2016-04-26,725.369995,108.760002,92.43,616.880005,47.671803,143.318878,82.050003,30.096827,89.371155,96.933678
2016-04-27,721.460022,108.889999,91.040001,606.570007,48.416073,142.960922,82.07,30.009079,90.056396,96.962021
2016-04-28,705.059998,116.730003,90.279999,602,46.627899,142.650055,80.07,29.804338,91.870857,97.283241
2016-04-29,707.880005,117.580002,90.029999,659.590027,45.641983,139.532181,79.709999,29.365608,96.995697,97.273788
2016-05-02,714.409973,118.57,93.110001,683.849976,44.994377,142.169662,80.879997,29.482603,96.204285,97.717834
2016-05-03,708.440002,117.43,91.540001,671.320007,44.530415,142.621811,80.610001,28.946381,92.324471,97.840652
2016-05-04,711.369995,118.059998,90.790001,670.900024,44.250103,142.716003,80.610001,28.839132,82.316048,98.275238
2016-05-05,714.710022,117.809998,89.370003,659.090027,43.853806,139.259018,80.620003,29.073122,81.775581,98.454765
2016-05-06,725.179993,119.489998,90.839996,673.950012,43.747478,137.940277,81.190002,28.780638,86.330994,99.163345
2016-05-09,729.130005,119.239998,90.540001,679.75,43.795818,139.965485,82.110001,28.663643,82.383606,99.465668
2016-05-10,739.380005,120.5,92.889999,703.070007,44.211441,140.879196,81.690002,29.268116,84.352478,100.684418
2016-05-11,730.549988,119.519997,90.019997,713.22998,42.152626,138.580826,79.029999,28.848885,86.755646,99.881363
2016-05-12,728.070007,120.279999,87.739998,717.929993,41.804657,138.204025,80.290001,28.614897,85.694008,100.240364
2016-05-13,724.830017,119.809998,87.879997,709.919983,40.876736,136.112885,77.629997,28.50765,85.259697,98.426422
2016-05-16,730.299988,118.669998,89.120003,710.659973,41.408352,137.327988,80.029999,28.400406,87.817291,98.379166
2016-05-17,720.190002,117.349998,88.629997,695.27002,41.601677,135.265137,77.510002,28.10792,88.57975,96.716377
2016-05-18,721.780029,117.650002,90.5,697.450012,40.596432,133.089203,75.330002,27.766684,84.516548,95.337006
2016-05-19,715.309998,116.809998,89.550003,698.52002,40.818745,134.417343,76.910004,27.542446,85.240402,95.73381
2016-05-20,721.710022,117.349998,92.489998,702.799988,41.244034,134.407944,76.889999,27.747187,86.205528,94.571739
2016-05-23,717.25,115.970001,94.889999,696.75,41.099049,133.767395,75.559998,27.727688,85.047379,94.874062
2016-05-24,733.030029,117.699997,97.889999,704.200012,41.630669,134.294907,77.529999,28.117668,81.852783,95.507065
2016-05-25,738.099976,117.889999,100.199997,708.349976,43.061211,136.150543,78.360001,28.468653,82.972336,95.507065
2016-05-26,736.929993,119.470001,102.809998,714.909973,42.510262,141.020493,88.370003,28.244411,83.097801,96.272331
2016-05-27,747.599976,119.379997,103.300003,712.23999,43.041882,140.427048,88.940002,28.527147,80.598114,96.329018
2016-05-31,748.849976,118.809998,102.57,722.789978,43.254524,140.135056,90.540001,28.50765,81.370216,95.582642
2016-06-01,748.460022,118.779999,101.510002,719.440002,43.032215,143.667374,90.809998,28.956131,81.736977,96.679657
2016-06-02,744.27002,118.93,101.25,728.23999,43.438175,142.716003,91.050003,29.112123,81.901047,97.088966
2016-06-03,735.859985,118.470001,99.589996,725.539978,42.96455,142.904404,91.080002,28.858635,88.811378,97.593437
2016-06-06,730.059998,118.790001,100.739998,726.72998,43.815147,143.403641,90.620003,28.985378,88.917542,97.755249
2016-06-07,731.090027,117.760002,99.889999,723.73999,43.902134,143.761581,91.25,28.936628,87.547058,97.555374
2016-06-08,742.929993,118.389999,97.860001,726.640015,44.008457,144.468063,91.57,28.946381,91.513748,98.212135
2016-06-09,742.52002,118.559998,97.089996,727.650024,42.529594,145.108582,91.970001,28.673393,92.768425,98.669037
2016-06-10,733.190002,116.620003,93.75,717.909973,42.075298,145.880981,91.339996,28.26391,91.426895,98.335884
2016-06-13,731.880005,113.949997,93.849998,715.23999,41.563007,145.956345,90.169998,28.351656,91.359337,98.097923
2016-06-14,733.25,114.940002,94.120003,719.299988,41.37936,146.822968,90.050003,28.25416,89.081627,98.259735
2016-06-15,732.190002,114.599998,94.290001,714.26001,41.62656,145.871567,91.050003,28.244411,92.527145,97.907547
2016-06-16,724.25,114.389999,95.440002,717.51001,41.151546,147.341019,91.839996,28.293161,91.262817,98.849876
2016-06-17,704.25,113.019997,94.449997,706.390015,42.508724,146.841782,91.580002,27.981176,91.562012,98.431076
2016-06-20,706.130005,113.370003,93.800003,714.01001,42.721992,147.397522,92.480003,28.215164,92.295502,98.39299
2016-06-21,708.880005,114.379997,90.989998,715.820007,42.004627,148.075745,92.629997,27.87393,90.838158,99.068817
2016-06-22,710.469971,113.910004,90.010002,710.599976,41.859219,148.942337,91.919998,27.951925,91.948059,98.745171
2016-06-23,714.869995,115.080002,91.660004,722.080017,42.489342,147.915604,92.379997,28.25416,91.590965,99.411476
2016-06-24,685.200012,112.080002,88.440002,698.960022,41.985245,146.53093,91.889999,26.089766,97.642334,97.069923
2016-06-27,681.140015,108.970001,85.330002,691.359985,40.579597,145.306412,92.559998,25.602287,103.172539,97.2127
2016-06-28,691.26001,112.699997,87.970001,707.950012,41.287262,146.568588,92.309998,25.953272,101.840652,97.222214
2016-06-29,695.190002,114.160004,91.059998,715.599976,41.587788,147.962723,94.419998,26.391998,103.906044,98.155037
2016-06-30,703.530029,114.279999,91.480003,715.619995,41.897999,147.925003,94.239998,26.567493,108.133316,100.839264
2016-07-01,710.25,114.190002,96.669998,725.679993,42.237289,147.049011,93.779999,26.82098,113.509094,100.544174
2016-07-05,704.890015,114.199997,97.910004,728.099976,40.967354,146.238937,94.980003,26.206757,118.199631,101.296143
2016-07-06,708.969971,116.699997,94.599998,737.609985,42.217899,146.954819,94.860001,26.44075,121.037125,100.820213
2016-07-07,707.26001,115.849998,95.099998,736.570007,42.062794,154.198471,94.629997,26.577242,114.927834,102.314621
2016-07-08,717.780029,117.239998,97.059998,745.809998,43.100063,155.837479,95.080002,27.298706,118.054863,103.057068
2016-07-11,727.200012,117.870003,94.669998,753.780029,43.768955,157.043182,94.870003,27.386454,119.280571,103.66626
2016-07-12,732.51001,117.93,95.970001,748.210022,44.428162,156.628738,94.440002,27.376703,114.030266,103.552032
2016-07-13,729.47998,116.779999,96.43,742.630005,43.662323,157.099701,94.360001,27.698439,116.105301,104.618111
2016-07-14,735.799988,117.290001,98.019997,741.200012,43.575077,157.250412,95,27.903179,114.75412,104.665703
2016-07-15,735.630005,116.860001,98.389999,735.440002,43.012817,156.751175,94.339996,27.87393,113.016869,104.38015
2016-07-18,753.200012,119.370003,98.809998,736.070007,42.98373,157.787338,95.730003,27.864182,113.943398,103.95182
2016-07-19,753.409973,120.610001,85.839996,739.950012,42.867405,158.361923,95.360001,27.737438,113.084427,104.256401
2016-07-20,757.080017,121.919998,87.910004,745.719971,43.080677,158.286545,95.449997,27.103716,109.088791,103.675781
2016-07-21,754.409973,120.610001,85.989998,744.429993,42.770466,157.354034,94.660004,27.025721,111.19278,103.352158
2016-07-22,759.280029,121,85.889999,744.859985,43.119453,157.749649,96.129997,27.074469,111.829765,103.932785
2016-07-25,757.52002,121.629997,87.660004,739.609985,42.857712,158.220642,96.389999,26.762482,108.046448,103.770966
2016-07-26,757.650024,121.220001,91.410004,735.590027,43.100063,157.843842,96.650002,26.713736,109.735428,102.990448
2016-07-27,761.969971,123.339996,92.040001,736.669983,42.595974,156.506256,95.720001,26.742985,111.762207,102.305107
2016-07-28,765.840027,125,91.650002,752.609985,42.721992,156.694656,96.120003,26.391998,112.4571,102.923805
2016-07-29,791.340027,123.940002,91.25,758.809998,43.575077,157.514175,96.290001,26.353001,113.509094,103.675781
2016-08-01,800.940002,124.309998,94.370003,767.73999,43.672016,157.834427,97.099998,26.460247,114.75412,103.685295
2016-08-02,800.119995,123.089996,93.559998,760.580017,42.24699,156.835953,96.230003,26.362751,115.651688,103.485413
2016-08-03,798.919983,122.510002,93.099998,754.640015,42.373005,156.477997,96.769997,26.733234,114.734802,102.83815
2016-08-04,797.25,124.360001,93.440002,760.77002,42.08218,156.883057,96.07,25.553537,109.291466,103.199852
2016-08-05,806.929993,125.150002,97.029999,765.97998,43.439365,157.966293,97.019997,25.777781,105.672218,103.428299
2016-08-08,805.22998,125.260002,95.110001,766.559998,43.58477,157.683701,95.900002,25.57304,105.324776,102.933334
2016-08-09,807.47998,125.059998,93.989998,768.309998,43.187317,158.117004,95.949997,25.524292,106.63736,103.066597
2016-08-10,808.48999,124.879997,93.93,768.559998,42.789852,158.948151,98.120003,25.524292,107.226089,103.580597
2016-08-11,808.200012,124.900002,95.889999,771.23999,44.331223,158.560944,97.370003,25.972771,106.753174,103.256958
2016-08-12,807.049988,124.879997,96.589996,772.559998,44.718987,159.656509,96.279999,25.904522,105.305481,103.361664
2016-08-15,805.960022,123.900002,95.309998,768.48999,45.077667,159.363724,96.260002,25.641285,105.421303,103.485413
2016-08-16,801.190002,123.300003,95.120003,764.039978,44.447548,159.061493,95.510002,25.475544,107.235741,102.800064
2016-08-17,805.419983,124.370003,96.370003,764.630005,43.836819,158.636505,95.489998,25.53404,105.517807,103.247444
2016-08-18,802.75,123.910004,96.160004,764.460022,44.205193,158.438156,95.860001,25.173307,106.280266,103.066597
2016-08-19,799.650024,123.559998,95.870003,757.309998,44.09856,158.693146,95.57,25.163559,104.813255,102.961891
2016-08-22,796.950012,124.150002,95.260002,759.47998,43.60416,158.617599,95.760002,25.066061,102.120544,102.761993
2016-08-23,796.590027,124.370003,95.940002,762.450012,44.408772,158.069778,95.510002,24.812576,101.30983,102.685844
2016-08-24,793.599976,123.480003,95.18,757.25,44.457241,158.268112,94.93,24.70533,95.808578,102.904778
2016-08-25,791.299988,123.889999,97.32,759.219971,44.941952,155.708572,85.5,24.47134,96.156036,102.685844
2016-08-26,793.219971,124.959999,97.580002,769,44.059788,154.83017,85.5,24.373846,95.634857,102.27655
2016-08-29,795.820007,126.540001,97.300003,771.289978,44.273052,154.877411,85.529999,24.422592,95.586609,102.790558
2016-08-30,791.919983,125.839996,97.449997,767.580017,44.563881,152.969559,84.110001,24.227604,91.108398,102.048103
2016-08-31,789.849976,126.120003,97.449997,769.159973,44.951641,153.092316,82.699997,24.227604,90.384544,102.328491
2016-09-01,791.400024,126.169998,97.379997,770.619995,44.486328,147.538742,83.18,24.130106,93.13517,102.84613
2016-09-02,796.869995,126.510002,97.379997,772.440002,44.777145,149.210464,83.110001,24.130106,96.339401,103.402107
2016-09-06,808.02002,129.729996,100.089996,788.869995,44.815926,149.286041,83.279999,24.091108,100.566681,103.45002
2016-09-07,807.98999,131.050003,99.150002,784.47998,44.932251,147.000366,82.5,23.944864,100.421913,102.769432
2016-09-08,802.840027,130.270004,99.660004,784.059998,44.001617,144.950836,81.839996,24.412844,97.970482,102.453102
2016-09-09,788.47998,127.099998,96.5,760.140015,42.150043,142.334579,81.629997,23.515888,94.331932,99.740326
2016-09-12,798.820007,128.690002,99.050003,771.48999,42.508724,143.269638,82.379997,24.223131,96.793022,101.628731
2016-09-13,788.719971,127.209999,96.089996,761.01001,41.946465,142.372375,80.18,23.77128,93.386108,100.25795
2016-09-14,790.460022,127.769997,97.010002,761.090027,41.737442,142.325134,81.449997,23.761457,94.100296,100.698906
2016-09-15,801.22998,128.350006,97.339996,769.690002,41.902714,144.195236,81.989998,23.889153,93.675644,101.111107
2016-09-16,797.969971,129.070007,99.480003,778.52002,41.999939,143.893005,81.099998,23.849863,93.115875,100.919373
2016-09-19,795.390015,128.649994,98.059998,775.099976,42.136047,143.36409,80.220001,23.859686,94.939972,101.293221
2016-09-20,799.780029,128.639999,98.25,780.219971,41.854103,143.722992,79.699997,23.810572,94.418793,101.897133
2016-09-21,805.030029,129.940002,94.879997,789.73999,41.912437,144.223541,79.889999,23.869509,98.868057,102.692749
2016-09-22,815.950012,130.080002,95.830002,804.700012,42.223549,144.64859,80.07,24.301712,100.373657,103.354172
2016-09-23,814.960022,127.959999,95.940002,805.75,42.291607,144.063019,80.089996,24.056145,97.565125,102.894051
2016-09-26,802.650024,127.309998,94.559998,799.159973,41.037437,142.797409,80,23.879332,97.314194,102.596901
2016-09-27,810.72998,128.690002,97.07,816.109985,40.988831,142.09845,80.459999,24.360649,96.93779,103.037842
2016-09-28,810.059998,129.229996,97.480003,828.719971,41.115215,141.116226,79.400002,24.449057,99.56295,102.932396
2016-09-29,802.640015,128.089996,96.669998,829.049988,41.008274,139.302795,77.360001,24.18384,98.636414,103.296661
2016-09-30,804.059998,128.270004,98.550003,837.309998,41.912437,144.044113,78.93,24.301712,96.580688,104.264824
2016-10-03,800.380005,128.770004,102.629997,836.73999,41.795773,142.627365,79.529999,24.724096,95.789284,103.766357
2016-10-04,802.789978,128.190002,102.339996,834.030029,42.777718,142.126816,76.43,24.704451,87.40229,102.663994
2016-10-05,801.22998,128.470001,106.279999,844.359985,43.555492,141.654556,75.120003,24.566931,87.431244,101.619141
2016-10-06,803.080017,128.740005,105.07,841.659973,43.808273,141.172852,78.089996,24.468702,84.20771,101.992989
2016-10-07,800.710022,128.990005,104.82,839.429993,43.108269,141.664001,77.970001,24.242775,85.172836,101.59996
2016-10-10,814.169983,130.240005,103.330002,841.710022,42.70966,141.937897,77.919998,24.566931,83.927818,101.820442
2016-10-11,809.570007,128.880005,100.589996,831,41.348549,142.627365,77.239998,24.39012,80.964867,101.197357
2016-10-12,811.77002,129.050003,99.5,834.090027,41.474937,142.10791,77.470001,24.32136,81.74662,101.686249
2016-10-13,804.080017,127.82,100.230003,829.280029,40.502724,141.881226,78.230003,24.32136,83.049545,101.53286
2016-10-14,804.599976,127.879997,101.470001,822.960022,40.045776,141.81514,77.089996,24.419588,80.144501,102.405174
2016-10-17,806.840027,127.540001,99.800003,812.950012,39.297165,140.445633,76.440002,24.35083,80.90696,102.424347
2016-10-18,821.48999,128.570007,118.790001,817.650024,39.122166,140.83284,76.25,24.625866,83.551414,102.52021
2016-10-19,826.840027,130.110001,121.870003,817.690002,39.170776,141.153976,76.760002,24.871439,83.937469,101.858795
2016-10-20,821.630005,130,123.349998,810.320007,39.180496,141.711212,75.870003,24.910728,83.898865,101.484947
2016-10-21,824.059998,132.070007,127.5,818.98999,39.326328,140.700623,75.709999,25.450985,83.908516,101.2453
2016-10-24,835.73999,133.279999,127.330002,838.090027,39.841606,143.675766,75.970001,25.215237,82.566986,102.865295
2016-10-25,828.549988,132.289993,126.510002,835.179993,39.588829,142.608521,75.82,25.254528,84.169098,102.78862
2016-10-26,822.099976,131.039993,126.970001,822.590027,39.443001,142.599045,76.800003,26.05018,82.788956,102.635239
2016-10-27,817.349976,129.690002,126.470001,818.359985,39.015221,142.485703,74.449997,25.775141,82.383606,102.213455
2016-10-28,819.559998,131.289993,126.57,776.320007,39.248554,141.446762,75.209999,25.775141,82.856514,102.635239
2016-10-31,809.900024,130.990005,124.870003,789.820007,39.297165,139.661682,75.550003,25.922482,85.636101,102.759857
2016-11-01,805.47998,129.5,123.300003,785.409973,38.869392,138.51886,74.879997,25.726027,86.7267,102.290146
2016-11-02,788.419983,127.169998,122.339996,765.559998,38.276333,138.575714,75.360001,25.293821,86.89077,102.290146
2016-11-03,782.190002,120,122.139999,767.030029,38.188831,136.85144,74.07,27.042288,84.931557,102.213455
2016-11-04,781.099976,120.75,122.029999,755.049988,37.595776,134.75769,73.620003,26.217167,82.895126,101.427422
2016-11-07,802.030029,122.150002,124.580002,784.929993,38.509663,135.989319,75.540001,26.708311,80.984169,102.529785
2016-11-08,811.97998,124.220001,124.339996,787.75,38.606888,138.405167,75.809998,26.600258,80.791138,104.216904
2016-11-09,805.590027,123.18,122.190002,771.880005,40.016605,139.068344,76.040001,26.845829,83.213623,102.807777
2016-11-10,780.289978,120.800003,115.419998,742.380005,42.49577,138.983063,77.199997,26.678841,74.82663,98.973457
2016-11-11,771.75,119.019997,114.779999,739.01001,42.680496,141.503159,77.809998,26.521675,71.101227,98.915947
2016-11-14,753.219971,115.080002,113.379997,719.070007,44.566601,144.004303,78.339996,26.845829,70.715164,97.190491
2016-11-15,775.159973,117.199997,113.589996,743.23999,43.779099,143.19899,79.169998,26.914589,72.104958,97.631447
2016-11-16,779.97998,116.339996,115.190002,746.48999,43.584663,144.136902,80.540001,27.002995,71.53553,97.497253
2016-11-17,786.159973,117.790001,115.029999,756.400024,43.672157,143.246368,81.650002,27.317327,71.120529,97.410973
2016-11-18,775.969971,117.019997,115.209999,760.159973,43.186043,142.450546,81.910004,27.199455,69.672829,97.113808
2016-11-21,784.799988,121.769997,117.959999,780,43.594379,143.217941,81.989998,27.238743,71.989136,98.024467
2016-11-22,785,121.470001,118.040001,785.330017,44.459656,144.639038,88.68,27.641479,70.879242,98.628372
2016-11-23,779,120.839996,117.690002,780.119995,44.148544,143.62532,88.860001,27.779001,68.447113,97.324692
2016-11-25,780.22998,120.379997,117.410004,780.369995,44.255493,143.890594,89.18,27.759354,68.611183,97.938194
2016-11-28,785.789978,120.410004,116.93,766.77002,43.992989,143.293747,89.580002,27.690594,71.699608,98.532509
2016-11-29,789.440002,120.870003,117.510002,762.52002,43.808273,143.511627,89.669998,27.857582,71.04332,98.29287
2016-11-30,775.880005,118.419998,117,750.570007,43.565216,142.213699,88.160004,27.562897,69.373642,96.6633
2016-12-01,764.330017,115.099998,117.220001,743.650024,44.148544,143.75798,86.57,27.582544,69.865852,95.630043
2016-12-02,764.460022,115.400002,120.809998,740.340027,43.526325,144.089539,87.760002,26.885122,71.188087,97.146133
2016-12-05,778.219971,117.43,119.160004,759.359985,44.644371,143.786362,88.199997,27.042288,70.300163,97.252365
2016-12-06,776.179993,117.309998,124.57,764.719971,44.7416,143.066345,87.93,26.885122,70.522141,98.06353
2016-12-07,791.469971,117.949997,125.389999,770.419983,46.355484,145.756973,87.839996,27.454845,72.008446,99.280258
2016-12-08,795.169983,118.910004,123.239998,767.330017,46.676315,149.300217,87.120003,27.975454,72.04705,98.642921
2016-12-09,809.450012,119.68,122.879997,768.659973,46.744377,151.299225,87.760002,27.425379,70.570404,100.014168
2016-12-12,807.900024,117.769997,122.830002,760.119995,46.180489,151.896088,86.089996,25.726027,70.309814,101.124687
2016-12-13,815.340027,120.309998,123.779999,774.340027,46.394375,151.365555,86.160004,26.423449,71.332855,102.003441
2016-12-14,817.890015,120.209999,123.440002,768.820007,45.765652,150.626587,84.720001,27.101225,68.640144,100.88327
2016-12-15,815.650024,120.57,125,761,46.496727,151.687653,85.699997,26.904764,66.401039,101.684776
2016-12-16,809.840027,119.870003,124.220001,757.77002,46.077576,151.971893,84.199997,27.238743,66.343124,102.235207
2016-12-19,812.5,119.239998,125.449997,766,45.902119,154.86145,84.269997,27.140514,67.9935,101.791
2016-12-20,815.200012,119.089996,125.120003,771.219971,45.034569,155.240387,85.089996,27.101225,68.167221,101.298508
2016-12-21,812.200012,119.040001,126.5,770.599976,44.410713,154.463516,84.059998,27.248568,67.839073,101.105377
2016-12-22,809.679993,117.400002,125.580002,766.340027,40.336151,153.544571,79.309998,27.25839,68.620834,101.733063
2016-12-23,807.799988,117.269997,125.589996,760.590027,39.741543,153.554031,78.699997,27.209274,69.33503,101.481979
2016-12-27,809.929993,118.010002,128.350006,771.400024,39.955994,153.52562,78.120003,27.346796,70.319466,101.520599
2016-12-28,804.570007,116.919998,125.889999,772.130005,39.556335,152.540329,77.669998,27.169983,72.925316,101.02813
2016-12-29,802.880005,116.349998,125.330002,765.150024,39.839024,152.654022,77.339996,26.993172,76.322586,101.385422
2016-12-30,792.450012,115.050003,123.800003,749.869995,39.614819,151.687653,77.18,26.767246,73.678123,101.037781
2017-01-03,808.01001,116.860001,127.489998,753.669983,39.878006,151.327652,77.449997,27.50396,76.255028,101.057091
2017-01-04,807.77002,118.690002,129.410004,757.179993,41.076981,151.356079,79.449997,27.749531,76.525261,101.250214
2017-01-05,813.02002,120.669998,131.809998,780.450012,40.1217,154.340363,78.059998,27.837938,79.826012,101.115028
2017-01-06,825.210022,123.410004,131.070007,795.98999,39.585583,154.264587,77.089996,28.338903,78.079124,100.970177
2017-01-09,827.179993,124.900002,130.949997,796.919983,39.419865,152.502441,77.139999,28.260321,78.001915,99.907944
2017-01-10,826.01001,124.349998,129.889999,795.900024,39.722046,153.156128,77.959999,28.407661,78.764366,98.469109
2017-01-11,829.859985,126.089996,130.5,799.02002,39.575829,153.042419,77.809998,28.918449,77.567612,98.31459
2017-01-12,829.530029,126.620003,129.179993,813.640015,39.858513,153.355072,77.529999,28.564827,78.928436,98.343567
2017-01-13,830.940002,128.339996,133.699997,817.140015,39.887756,153.345627,77.129997,28.731817,79.044258,98.06353
2017-01-17,827.460022,127.870003,132.889999,809.719971,40.102207,155.193054,79.510002,28.731817,80.530556,98.681549
2017-01-18,829.02002,127.919998,133.259995,807.47998,40.053467,155.62883,77.309998,28.997032,79.517166,99.212669
2017-01-19,824.369995,127.550003,138.410004,809.039978,39.858513,155.088806,76.260002,28.692522,79.275879,98.845703
2017-01-20,828.169983,127.040001,138.600006,808.330017,39.653812,155.600403,76.559998,29.026501,79.999733,99.695496
2017-01-23,844.429993,128.929993,137.389999,817.880005,38.961723,154.435135,75.550003,28.987209,82.856514,100.439064
2017-01-24,849.530029,129.369995,140.110001,822.440002,39.195663,155.060394,76.879997,29.262251,82.026505,101.115028
2017-01-25,858.450012,131.479996,139.520004,836.52002,39.507599,155.505676,76.889999,29.272072,80.665672,101.018448
2017-01-26,856.97998,132.779999,138.960007,839.150024,39.380882,155.439377,76.169998,30.048075,78.465179,100.564606
2017-01-27,845.030029,132.179993,142.449997,835.77002,38.737522,153.53508,74.050003,30.303471,79.391701,99.927261
2017-01-30,823.830017,130.979996,141.220001,830.380005,38.990967,154.662491,75.25,30.431168,79.295197,100.130051
2017-01-31,820.190002,130.320007,140.710007,823.47998,39.332134,155.325653,77.190002,30.460636,81.978256,100.216957
2017-02-01,815.23999,133.229996,140.779999,832.349976,38.786266,153.345627,76.389999,30.686562,81.910698,99.473396
2017-02-02,818.26001,130.839996,139.199997,839.950012,39.029957,159.304733,77.199997,30.607979,82.740715,100.458366
2017-02-03,820.130005,130.979996,140.25,810.200012,39.059204,159.46579,76.690002,30.539219,82.788956,101.501289
2017-02-06,821.619995,132.059998,140.970001,807.640015,38.659546,158.243652,75.120003,30.175774,87.797997,100.979843
2017-02-07,829.22998,131.839996,144,812.5,38.269638,158.707886,75.209999,29.625696,89.708954,101.984138
2017-02-08,829.880005,134.199997,144.740005,819.710022,38.532822,159.990295,76.660004,29.291718,91.62957,102.061386
2017-02-09,830.059998,134.139999,144.139999,821.359985,39.312645,162.403168,79.389999,29.183666,89.641396,102.331764
2017-02-10,834.849976,134.190002,144.820007,827.460022,39.234657,163.391129,78.019997,29.124729,90.18187,102.457306
2017-02-13,838.960022,134.050003,143.199997,836.530029,39.146931,163.353149,77.699997,28.957743,89.573837,102.862885
2017-02-14,840.030029,133.850006,140.820007,836.390015,39.985233,164.939545,79.800003,29.488176,89.75721,103.249153
2017-02-15,837.320007,133.440002,142.270004,842.700012,40.238678,166.240967,78.739998,29.792685,89.197433,103.065689
2017-02-16,842.169983,133.839996,142.009995,844.140015,39.848766,166.953415,78,29.547112,88.502541,104.407959
2017-02-17,846.549988,133.529999,142.220001,845.070007,40.102207,167.057922,80,29.389948,87.99102,104.436928
2017-02-21,849.27002,133.720001,142.600006,856.440002,40.414135,168.083878,79.760002,29.527466,88.087532,105.605377
2017-02-22,851.359985,136.119995,143.860001,855.609985,40.102207,167.6754,78.540001,29.615871,90.066048,105.653671
2017-02-23,851,135.360001,142.779999,852.190002,39.380882,167.048431,77.57,29.468529,91.388283,105.779213
2017-02-24,847.809998,135.440002,143.25,845.23999,40.00473,168.672836,79.410004,29.694454,91.465492,106.05925
2017-02-27,849.669983,136.410004,143.410004,848.640015,40.843037,168.729843,79.559998,29.478352,87.421593,105.518471
2017-02-28,844.929993,135.539993,142.130005,845.039978,39.380882,168.311829,76.68,28.830044,88.512192,106.590363
2017-03-01,856.75,137.419998,142.649994,853.080017,39.692802,168.957825,76.839996,29.331011,88.917542,106.690025
2017-03-02,849.849976,136.759995,139.529999,848.909973,39.585583,169.071808,77.739998,29.183666,86.282738,107.059486
2017-03-03,849.080017,137.169998,139.139999,849.880005,39.224911,161.738205,77.129997,29.419416,87.691833,107.497025
2017-03-06,847.27002,137.419998,141.940002,846.609985,38.640045,158.384888,75.93,29.664986,85.867737,106.592781
2017-03-07,851.150024,137.300003,141.429993,846.02002,38.025936,158.641388,75.220001,29.576582,84.217361,106.291374
2017-03-08,853.640015,137.720001,140.320007,850.5,38.640045,157.919434,75.599998,29.448883,82.566986,106.271935
2017-03-09,857.840027,138.240005,140.529999,853,38.445091,157.472946,75.529999,29.723925,81.32196,105.999687
2017-03-10,861.409973,138.789993,140.889999,852.460022,38.766769,157.092957,75.059998,29.429235,82.132675,106.553894
2017-03-13,864.580017,139.600006,143.520004,854.590027,38.523075,156.314011,74.580002,29.597237,82.316048,106.378899
2017-03-14,865.909973,139.320007,143.190002,852.530029,38.484085,156.969467,74.190002,29.567591,81.254402,106.310822
2017-03-15,868.390015,139.720001,145.25,852.969971,38.674767,158.204391,74.559998,29.962877,85.192139,108.031792
2017-03-16,870,139.990005,144.389999,853.419983,38.792114,158.69838,75.529999,29.844292,85.777855,108.060959
2017-03-17,872.369995,139.839996,145.110001,852.309998,38.801891,159.410828,75.699997,29.913467,85.328812,108.304039
2017-03-20,867.909973,139.940002,145.830002,856.969971,38.283623,159.059357,74.300003,29.735588,87.281189,108.070679
2017-03-21,850.140015,138.509995,142.419998,843.200012,37.188404,158.432404,73.440002,29.735588,87.847374,108.6735
2017-03-22,849.799988,139.589996,142.649994,848.059998,37.481766,159.287338,73.980003,30.061699,88.667381,108.91658
2017-03-23,839.650024,139.529999,141.839996,847.380005,37.54044,158.546387,74.379997,30.387814,87.105476,108.683228
2017-03-24,835.140015,140.339996,142.020004,845.609985,37.442654,157.710434,74.919998,30.516281,86.94928,109.013809
2017-03-27,838.51001,140.320007,144.059998,846.820007,37.471985,157.833923,76.129997,30.881924,88.003571,108.731842
2017-03-28,840.630005,141.759995,145.169998,856,38.234726,158.422882,76.550003,31.44521,86.94928,109.334656
2017-03-29,849.869995,142.649994,146.470001,874.320007,38.498749,159.049835,78.510002,31.138861,85.592377,109.315216
2017-03-30,849.47998,142.410004,148.059998,876.340027,39.04636,159.486847,79.440002,31.296976,84.352623,109.072144
2017-03-31,847.799988,142.050003,147.809998,886.539978,38.586758,159.296844,78.459999,31.405684,85.201904,108.761017
2017-04-03,856.75,142.279999,146.919998,891.51001,38.410744,158.3564,77.720001,31.198154,85.748566,108.761017
2017-04-04,852.570007,141.729996,145.5,906.830017,38.117382,158.878845,77.669998,30.842394,87.261665,108.974915
2017-04-05,848.909973,141.850006,143.619995,909.280029,36.963493,158.641388,77.050003,30.466869,87.027382,108.838799
2017-04-06,845.099976,141.169998,143.740005,898.280029,38.215168,161.510239,78.050003,30.190168,87.134758,108.488762
2017-04-07,842.099976,140.779999,143.110001,894.880005,38.616096,162.0802,77.610001,30.180286,88.462379,108.517937
2017-04-10,841.700012,141.039993,143.850006,907.039978,38.50853,162.650162,77.739998,30.23958,88.023094,108.91658
2017-04-11,839.880005,139.919998,144.350006,902.359985,38.332512,162.089706,77.080002,30.111111,91.586189,108.634621
2017-04-12,841.460022,139.580002,143.830002,896.22998,37.608887,161.652695,77.139999,29.784998,91.312859,110.462532
2017-04-13,840.179993,139.389999,142.919998,884.669983,37.54044,160.389282,76.459999,29.508297,91.664284,109.558289
2017-04-17,855.130005,141.419998,147.25,901.98999,37.579548,161.206223,76.830002,29.804764,91.273804,110.180573
2017-04-18,853.98999,140.960007,143.360001,903.780029,37.569775,161.614731,77.43,29.696056,91.586189,111.11396
2017-04-19,856.51001,142.270004,139.759995,899.200012,38.244499,161.548218,78.019997,29.458883,88.64785,110.472252
2017-04-20,860.080017,143.800003,141.179993,902.059998,39.04636,161.633698,79.57,30.190168,88.472137,110.443085
2017-04-21,858.950012,143.679993,142.869995,898.530029,38.919231,162.222687,78.809998,29.864056,88.452614,110.287514
2017-04-24,878.929993,145.470001,143.830002,907.409973,38.811665,163.70459,79.790001,29.399591,86.510002,111.152855
2017-04-25,888.840027,146.490005,152.160004,907.619995,38.488972,164.037094,80.690002,29.537943,84.840714,110.997292
2017-04-26,889.140015,146.559998,150.169998,909.289978,38.518307,167.950882,81.730003,29.696056,85.299522,110.190292
2017-04-27,891.440002,147.699997,153.080002,918.380005,38.312958,168.568329,83.129997,29.577471,84.577141,109.519402
2017-04-28,924.52002,150.25,152.199997,924.98999,37.892467,168.634842,82.769997,29.508297,85.894997,110.141663
2017-05-01,932.820007,152.460007,155.350006,948.22998,36.601681,168.957825,80.75,29.340298,83.844994,109.169373
2017-05-02,937.090027,152.779999,156.449997,946.940002,37.344864,169.651276,81.699997,29.498415,83.688812,109.1791
2017-05-03,948.450012,151.800003,155.589996,941.030029,36.846149,170.819733,81.919998,28.016083,82.771187,108.692947
2017-05-04,954.719971,150.850006,157.25,937.530029,36.278984,173.318085,81.959999,28.164314,83.00547,109.830536
2017-05-05,950.280029,150.240005,156.600006,934.150024,36.513676,171.180679,82,28.243372,86.832138,110.083336
2017-05-08,958.690002,151.059998,156.380005,949.039978,36.386551,170.627228,82.290001,27.699852,86.871185,110.083336
2017-05-09,956.710022,150.479996,157.460007,952.820007,36.709248,170.666763,82.779999,27.630674,86.714996,109.597191
2017-05-10,954.840027,150.289993,160.279999,948.950012,36.826591,169.844055,83.019997,27.353973,87.183563,109.71386
2017-05-11,955.890015,150.039993,158.539993,947.619995,35.848721,169.754837,81.489998,27.986435,89.995003,109.908318
2017-05-12,955.140015,150.330002,160.809998,961.349976,35.301113,169.378189,81.290001,27.571381,91.010239,109.781921
2017-05-15,959.219971,150.190002,160.020004,957.969971,35.173992,170.062134,80.940002,27.344091,90.834526,110.783394
2017-05-16,964.609985,149.779999,159.410004,966.070007,34.694832,169.497131,79.099998,26.790688,91.94738,110.637535
2017-05-17,942.169983,144.850006,153.199997,944.76001,34.714394,167.663376,78.080002,26.454693,94.436661,110.588921
2017-05-18,950.5,147.660004,155.699997,958.48999,34.372139,169.219604,79,26.464575,92.025467,110.870888
2017-05-19,954.650024,148.059998,157.020004,959.840027,34.548153,170.1315,79.68,26.701748,92.796661,110.540321
2017-05-22,964.070007,148.240005,157.160004,970.669983,34.538376,170.884827,80.919998,26.681982,93.04071,111.522331
2017-05-23,970.549988,148.070007,157.949997,971.539978,33.932098,170.954224,78.849998,26.21752,90.785713,111.86264
2017-05-24,977.609985,150.039993,157.75,980.349976,33.941875,171.489456,78.080002,26.355869,91.078575,112.84465
2017-05-25,991.859985,151.960007,163.050003,993.380005,34.000549,173.194351,78.800003,26.909273,90.46357,114.273933
2017-05-26,993.27002,152.130005,162.429993,995.780029,34.078773,176.296844,78.279999,26.632572,90.248802,114.643402
2017-05-30,996.169983,152.380005,163.220001,996.700012,33.97121,177.347519,78.169998,26.642454,90.063332,114.740631
2017-05-31,987.090027,151.460007,163.070007,994.619995,33.648514,178.844238,77.699997,26.58316,92.562378,114.412674
2017-06-01,988.289978,151.529999,162.990005,995.950012,34.557934,179.042496,80.559998,27.20574,92.76738,114.765114
2017-06-02,996.119995,153.610001,165.179993,1006.72998,34.421036,179.379517,80.43,27.274916,94.885712,115.195847
2017-06-05,1003.880005,153.630005,165.059998,1011.340027,34.068996,180.479752,79.279999,27.037743,94.856422,115.401436
2017-06-06,996.679993,152.809998,165.169998,1003,33.325817,179.855286,76.879997,26.889507,97.394516,115.225212
2017-06-07,1001.5,153.119995,165.610001,1010.070007,33.081356,180.598694,75.410004,26.869745,96.808807,114.58889
2017-06-08,1004.280029,154.710007,165.880005,1010.27002,33.071568,179.815659,74.839996,26.681982,95.364044,113.453285
2017-06-09,970.119995,149.600006,158.029999,978.309998,34.851295,178.794708,75.379997,27.373737,93.841187,113.502235
2017-06-12,961.809998,148.440002,151.440002,964.909973,35.682484,178.061188,75.349998,27.838202,91.937614,113.786133
2017-06-13,970.5,150.679993,152.720001,980.789978,35.389126,178.923553,75.5,27.334208,92.181664,113.874237
2017-06-14,967.929993,150.25,152.199997,976.469971,35.477501,180.073334,75.269997,26.810452,90.795479,114.902161
2017-06-15,960.179993,149.800003,151.759995,964.169983,35.281109,178.477509,72.730003,27.087152,88.472137,114.745514
2017-06-16,958.619995,150.639999,152.380005,987.710022,34.691948,165.641327,70.07,26.80057,88.774765,114.402885
2017-06-19,975.219971,152.869995,153.399994,995.169983,34.515202,162.89566,70.550003,27.106918,88.101189,114.823845
2017-06-20,968.98999,152.25,152.050003,992.590027,33.523434,161.468307,68.940002,26.425043,86.636902,115.469963
2017-06-21,978.590027,153.910004,155.029999,1002.22998,33.052105,161.716125,68.050003,26.543631,87.144516,114.951103
2017-06-22,976.619995,153.399994,154.889999,1001.299988,33.130661,158.385635,67.68,26.316339,87.583809,113.707817
2017-06-23,986.090027,155.070007,158.020004,1003.73999,29.114525,155.749023,66.599998,26.612806,88.725952,114.500786
2017-06-26,972.090027,153.589996,157.5,993.97998,29.546581,158.792053,68.489998,27.294682,87.349525,114.657417
2017-06-27,948.090027,150.580002,151.029999,976.780029,30.165201,157.860306,69.220001,26.899389,86.939522,113.502235
2017-06-28,961.01001,153.240005,153.410004,990.330017,29.644775,158.762314,69.970001,27.442913,87.759521,113.932976
2017-06-29,937.820007,151.039993,150.089996,975.929993,29.90008,157.2854,69.730003,27.413267,85.592377,112.758202
2017-06-30,929.679993,150.979996,149.410004,968,29.850981,158.524414,69.919998,27.541737,86.353806,113.061684
2017-07-03,919.460022,148.429993,146.169998,953.659973,30.587435,157.424179,69.889999,27.798672,85.055473,113.012741
2017-07-05,932.26001,150.339996,147.610001,971.400024,30.243757,156.63121,68.209999,27.61091,86.763802,112.875694
2017-07-06,927.690002,148.820007,146.25,965.140015,29.114525,155.709366,67.93,27.195858,85.289764,112.709251
2017-07-07,940.809998,151.440002,150.179993,978.76001,29.153805,152.755569,67.980003,27.235386,83.854759,113.081268
2017-07-10,951,153.5,152.669998,996.469971,28.319155,149.672897,66.389999,27.512089,85.250717,111.867332
2017-07-11,953.530029,155.270004,154.330002,994.130005,28.122765,149.781937,66.870003,27.393501,85.894997,111.34848
2017-07-12,967.659973,158.899994,158.75,1006.51001,27.985294,150.416306,67.400002,27.976551,86.422142,112.356827
2017-07-13,968.849976,159.259995,158.210007,1000.630005,28.682472,152.250061,68.57,27.077271,85.475235,111.622597
2017-07-14,976.909973,159.970001,161.119995,1001.809998,28.653013,151.655334,69.110001,27.215622,87.281189,112.513466
2017-07-17,975.960022,159.729996,161.699997,1010.039978,28.682472,151.496735,69.870003,26.909273,87.944992,112.513466
2017-07-18,986.950012,162.860001,183.600006,1024.449951,28.220961,150.168518,69.279999,26.879627,88.491669,112.591789
2017-07-19,992.77002,164.139999,183.860001,1026.869995,28.662834,149.910797,70.349998,27.136562,88.667381,112.914841
2017-07-20,992.190002,164.529999,183.600006,1028.699951,29.006512,149.66301,70.769997,27.284798,88.423332,113.081268
2017-07-21,993.840027,164.429993,188.539993,1025.670044,28.731569,149.117813,70.889999,27.324326,88.374519,114.177711
2017-07-24,998.309998,166,187.910004,1038.949951,27.661255,149.672897,69.279999,27.176094,87.076187,113.688232
2017-07-25,969.030029,165.279999,186.970001,1039.869995,27.798725,151.823837,70.589996,27.383619,87.866905,114.001503
2017-07-26,965.309998,165.610001,189.080002,1052.800049,28.711929,150.753326,70.919998,27.591146,89.897377,114.725945
2017-07-27,952.51001,170.440002,182.679993,1046,29.870619,151.17955,72.239998,28.875834,89.731422,114.872787
2017-07-28,958.330017,172.449997,184.039993,1020.039978,28.770845,151.546295,71.800003,28.569485,90.512383,114.158134
2017-07-31,945.5,169.25,181.660004,987.780029,29.36001,157.116898,72.080002,28.352077,90.727142,114.158134
2017-08-01,946.559998,169.860001,182.029999,996.190002,29.556398,158.316269,73.010002,28.579367,90.902855,113.482651
2017-08-02,947.640015,169.300003,180.740005,995.890015,29.291273,159.862549,72.970001,27.946907,90.453812,113.179169
2017-08-03,940.299988,168.589996,179.229996,986.919983,29.988453,156.522186,73.529999,28.18408,92.835709,113.85466
2017-08-04,945.789978,169.619995,180.270004,987.580017,29.556398,155.065094,74.110001,27.729496,91.927856,113.923187
2017-08-07,945.75,171.979996,181.330002,992.27002,30.086647,155.570618,75.529999,27.512089,91.46904,114.500786
2017-08-08,944.190002,171.229996,178.360001,989.840027,29.831341,156.363586,75.75,27.383619,91.205475,114.256035
2017-08-09,940.080017,171.179993,175.779999,982.01001,29.242178,155.4814,74.919998,27.185976,93.314041,114.177711
2017-08-10,923.590027,167.399994,169.139999,956.919983,27.8871,155.263321,73.080002,27.146446,94.622139,113.932976
2017-08-11,930.090027,168.080002,171.399994,967.98999,28.260239,155.273239,73.5,27.512089,95.608093,114.060242
2017-08-14,938.929993,170.75,171,983.299988,28.56464,156.522186,74.620003,27.442913,93.850952,115.362282
2017-08-15,938.080017,171,168.5,982.73999,27.07209,155.501236,73.440002,27.1168,91.098091,116.468521
2017-08-16,944.27002,170,169.979996,978.179993,27.258657,158.862213,74.440002,27.235386,92.396431,116.595779
2017-08-17,927.659973,166.910004,166.089996,960.570007,26.983715,157.678925,74.339996,26.573278,93.392136,115.900719
2017-08-18,926.179993,167.410004,166.539993,958.469971,26.777508,156.197296,74.25,26.474457,93.519051,115.127319
2017-08-21,920.869995,167.779999,166.759995,953.289978,26.71859,156.187347,74.25,26.573278,94.173096,115.773453
2017-08-22,940.400024,169.639999,169.339996,966.900024,26.875704,157.808182,74.949997,26.662216,94.55381,115.440598
2017-08-23,942.580017,168.710007,169.059998,958,27.032814,158.474411,74.32,26.345987,94.827141,114.823845
2017-08-24,936.890015,167.740005,168.130005,952.450012,26.983715,150.479599,78.5,26.296576,95.217621,113.776337
2017-08-25,930.5,166.320007,165.949997,945.26001,27.435408,151.593307,80.389999,26.405281,94.993088,113.414124
2017-08-28,928.130005,167.240005,167.119995,946.02002,27.494326,151.692749,80.379997,26.444809,97.609283,113.110641
2017-08-29,935.75,168.050003,168.809998,954.059998,27.435408,152.697067,79.699997,26.59304,99.522614,113.404335
2017-08-30,943.630005,169.919998,174.690002,967.590027,27.366673,153.572128,79.720001,26.691866,99.454277,113.5177
2017-08-31,955.23999,171.970001,174.710007,980.599976,27.09173,155.859207,79.639999,26.780804,100.049759,114.089478
2017-09-01,951.98999,172.020004,174.740005,978.25,27.337215,157.350769,81.059998,26.662216,100.420715,114.197922
2017-09-05,941.47998,170.720001,174.520004,965.27002,27.504145,158.245712,82.489998,25.782701,102.958809,114.227501
2017-09-06,942.02002,172.089996,179.25,967.799988,27.386311,157.967285,82.730003,25.664114,101.445709,114.700684
2017-09-07,949.890015,173.210007,179,979.469971,27.150644,158.384918,83.230003,25.081062,105.330948,115.331619
2017-09-08,941.409973,170.949997,176.419998,965.900024,27.788906,156.425995,82.830002,25.081062,104.764755,113.409264
2017-09-11,943.289978,173.509995,181.740005,977.960022,27.160463,156.475723,83.400002,25.367647,101.777618,114.050049
2017-09-12,946.650024,172.960007,185.149994,982.580017,28.486084,159.14064,83.980003,25.337791,100.899048,113.369827
2017-09-13,950.440002,173.050003,183.639999,999.599976,28.967234,162.074081,84.410004,26.024479,99.464043,112.827621
2017-09-14,940.130005,170.960007,182.630005,992.210022,28.483625,161.45755,83.459999,25.8752,100.186424,112.571312
2017-09-15,935.289978,171.639999,182.350006,986.789978,28.296104,161.387955,83.480003,26.522079,100.127853,113.221954
2017-09-18,929.75,170.009995,184.619995,974.190002,26.94397,160.005768,83.190002,25.905056,98.282852,113.35997
2017-09-19,936.859985,172.520004,185.679993,969.859985,26.677492,160.6521,83.43,26.143904,98.439041,112.867058
2017-09-20,947.539978,172.169998,185.509995,973.210022,22.443438,161.93486,83.419998,26.253374,96.584282,111.969963
2017-09-21,947.549988,171.110001,188.779999,964.650024,21.959829,160.572556,83.139999,26.203615,96.057144,111.201019
2017-09-22,943.26001,170.539993,187.350006,955.099976,22.216438,160.383621,84.620003,26.303135,97.765472,110.264473
2017-09-25,934.280029,162.869995,178.550003,939.789978,22.759266,161.417786,84.989998,26.482271,99.629997,110.35321
2017-09-26,937.429993,164.210007,179.380005,938.599976,22.640831,163.148026,84.889999,26.293184,97.19928,110.225044
2017-09-27,959.900024,167.679993,181.970001,950.869995,22.946789,163.496048,85.669998,26.641504,95.539764,109.525116
2017-09-28,964.809998,168.729996,180.699997,956.400024,23.163918,162.978958,85.68,25.885151,96.135239,110.057457
2017-09-29,973.719971,170.869995,181.350006,961.349976,23.163918,163.36676,86.82,25.666208,95.334763,109.850433
2017-10-02,967.469971,169.470001,177.009995,959.190002,23.292223,164.957779,86.470001,25.924959,94.963806,107.573181
2017-10-03,972.080017,169.960007,179.190002,957.099976,22.966528,164.152344,86.82,25.895103,95.266418,107.583038
2017-10-04,966.780029,168.419998,184.449997,965.450012,22.946789,164.281616,89.050003,26.332991,95.979042,107.790054
2017-10-05,985.190002,171.240005,194.389999,980.849976,22.946789,166.131165,89.150002,26.193663,94.89547,108.884323
2017-10-06,993.640015,172.229996,198.020004,989.580017,22.611221,156.20723,89.419998,26.342943,95.246902,108.835037
2017-10-09,992.309998,172.5,196.869995,990.98999,22.009176,153.741165,88.370003,25.845343,96.19381,108.450569
2017-10-10,987.799988,171.589996,195.080002,987.200012,21.890741,155.988464,89.300003,26.024479,96.330475,109.209648
2017-10-11,1005.650024,172.740005,194.949997,995,21.703218,156.982849,91.230003,25.357695,97.121185,109.929298
2017-10-12,1005.650024,172.550003,195.860001,1000.929993,21.01235,156.336502,91.370003,25.367647,96.672142,110.855965
2017-10-13,1007.869995,173.740005,199.490005,1002.940002,20.953131,158.951736,91.5,25.706015,98.048569,111.023567
2017-10-16,1009.349976,174.520004,202.679993,1006.340027,20.943262,157.917572,91.949997,25.97472,96.057144,111.960091
2017-10-17,1011,176.110001,199.479996,1009.130005,20.814959,157.48999,91.529999,26.094143,94.963806,110.599663
2017-10-18,1012.73999,176.029999,195.539993,997,20.854435,156.664658,91.470001,26.462368,94.875954,110.36306
2017-10-19,1001.840027,174.559998,195.130005,986.609985,20.923523,157.569534,91.410004,26.57184,96.008331,111.072853
2017-10-20,1005.070007,174.979996,194.160004,982.909973,21.190001,159.866562,92.370003,26.711168,95.256668,110.027878
2017-10-23,985.539978,171.270004,192.470001,966.299988,20.785349,161.12941,91.720001,25.885151,95.89119,110.10675
2017-10-24,988.48999,171.800003,196.020004,975.900024,21.140654,161.378006,91.779999,25.437311,95.100471,109.180069
2017-10-25,991.460022,170.600006,193.770004,972.909973,20.676783,161.268616,91.610001,25.307936,94.875954,108.509712
2017-10-26,991.419983,170.630005,195.210007,972.429993,20.726131,161.547058,93.230003,25.576641,93.86071,109.160355
2017-10-27,1033.670044,177.880005,199.539993,1100.949951,20.045128,161.467499,93.209999,25.6264,95.168808,109.032196
2017-10-30,1033.130005,179.869995,198.369995,1110.849976,19.670086,159.329575,91.440002,25.6264,96.476906,108.095665
2017-10-31,1033.040039,180.059998,196.429993,1105.280029,19.640476,160.174805,91.25,25.327841,95.930229,108.66745
2017-11-01,1042.599976,182.660004,198,1103.680054,20.064867,161.775757,91.120003,25.258175,95.852142,108.568855
2017-11-02,1042.969971,178.919998,199.320007,1094.219971,19.462824,164.023056,92.550003,25.02928,88.423332,108.489998
2017-11-03,1049.98999,178.919998,200.009995,1111.599976,19.304911,165.504684,93.75,24.312737,89.087143,108.657593
2017-11-06,1042.680054,180.169998,200.130005,1120.660034,19.719433,164.122513,93.389999,26.492224,89.819283,107.711197
2017-11-07,1052.390015,180.25,195.889999,1123.170044,19.008823,165.345581,93.620003,26.910208,88.979759,108.904037
2017-11-08,1058.290039,179.559998,196.440002,1132.880005,19.235823,168.100021,93.900002,27.218719,89.243332,110.412354
2017-11-09,1047.719971,179.300003,193.899994,1129.130005,19.887215,168.159683,94.379997,27.994974,88.999283,109.899727
2017-11-10,1044.150024,178.460007,192.020004,1125.349976,19.758911,170.397034,95.059998,27.935263,88.394051,111.151726
2017-11-13,1041.199951,178.770004,195.080002,1129.170044,19.462824,170.49649,93.690002,27.686462,88.413567,112.423439
2017-11-14,1041.640015,178.070007,195.710007,1136.839966,19.956303,170.476593,93.449997,27.178911,89.877853,114.119057
2017-11-15,1036.410034,177.949997,192.119995,1126.689941,19.689825,168.050308,93.089996,27.81584,90.492851,113.468407
2017-11-16,1048.469971,179.589996,195.509995,1137.290039,20.26226,170.523682,94.629997,28.462719,90.512383,113.596565
2017-11-17,1035.890015,179,193.199997,1129.880005,20.745871,170.523682,94.610001,30.333694,91.390953,113.054359
2017-11-20,1034.660034,178.740005,194.100006,1126.310059,20.587955,171.820221,97.110001,29.756479,91.400711,113.281105
2017-11-21,1050.300049,181.860001,196.229996,1139.48999,20.005651,172.957169,99.459999,29.955521,92.425713,114.404945
2017-11-22,1051.920044,180.869995,196.320007,1156.160034,20.785349,172.019684,99.769997,29.796288,94.114525,113.448692
2017-11-24,1056.52002,182.779999,195.75,1186,20.390564,171.161972,98.379997,29.637056,94.368332,114.257072
2017-11-27,1072.01001,183.029999,195.050003,1195.829956,20.469521,172.149338,98.199997,29.55744,94.915001,114.207779
2017-11-28,1063.290039,182.419998,199.179993,1193.599976,21.69335,173.186554,100.940002,30.025183,94.749039,115.114731
2017-11-29,1037.380005,175.130005,188.149994,1161.27002,22.759266,177.056213,104.139999,31.149759,91.166428,115.183739
2017-11-30,1036.170044,177.179993,187.580002,1176.75,22.098001,183.93779,102.760002,31.000479,89.575241,115.665184
2017-12-01,1025.069946,175.100006,186.820007,1162.349976,22.127611,184.635925,103.010002,31.318943,89.536186,115.923279
2017-12-04,1011.869995,171.470001,184.039993,1133.949951,24.081789,189.054108,106.370003,32.154911,89.106667,116.598289
2017-12-05,1019.599976,172.830002,184.210007,1141.569946,23.262613,187.318756,105.889999,32.324097,89.370239,116.727333
2017-12-06,1032.719971,176.059998,185.300003,1152.349976,22.788876,186.720352,105.519997,32.543041,88.267136,118.027725
2017-12-07,1044.569946,180.139999,185.199997,1159.790039,22.275654,185.703064,107.309998,33.607903,88.267136,115.87365
2017-12-08,1049.380005,179,188.539993,1162,22.779005,187.568085,108.669998,32.811745,89.516663,115.714821
2017-12-11,1051.969971,179.039993,186.220001,1168.920044,22.956657,188.355972,107.07,33.110302,88.667381,116.528801
2017-12-12,1048.77002,176.960007,185.729996,1165.079956,22.877701,187.79747,106.220001,33.438717,88.315948,116.538734
2017-12-13,1051.390015,178.300003,187.860001,1164.130005,23.252745,187.777512,105.589996,32.184769,90.239044,116.935799
2017-12-14,1057.469971,178.389999,189.559998,1174.26001,22.309126,186.032181,104.650002,34.055744,89.702141,117.154175
2017-12-15,1072,180.179993,190.119995,1179.140015,22.468052,192.215637,106.290001,34.055744,89.936424,118.345383
2017-12-18,1085.089966,180.820007,190.419998,1190.579956,23.451403,191.796768,109.099998,34.3344,92.415947,117.183968
2017-12-19,1079.780029,179.509995,187.020004,1187.380005,23.808983,187.827393,109.169998,34.205021,92.123093,117.739853
2017-12-20,1073.560059,177.889999,188.820007,1177.619995,24.404953,187.009567,108.919998,33.697472,93.37262,118.146843
2017-12-21,1070.849976,177.449997,188.619995,1174.76001,21.365507,186.301468,108.470001,34.364254,92.806427,117.392426
2017-12-22,1068.859985,177.199997,189.940002,1168.359985,22.279327,186.131927,109.459999,34.553345,93.763092,117.729927
2017-12-26,1065.849976,175.990005,187.759995,1176.76001,22.984558,186.052139,108.5,34.005981,94.875954,118.017799
2017-12-27,1060.199951,177.619995,186.240005,1182.26001,22.775969,185.802811,107.489998,33.976128,95.178566,118.424797
2017-12-28,1055.949951,177.919998,192.710007,1186.099976,22.527649,186.121948,108.07,33.916416,95.217621,118.474426
2017-12-29,1053.400024,176.460007,191.960007,1169.469971,21.842283,185.623276,107.309998,33.956223,96.535469,119.040237
2018-01-02,1073.209961,181.419998,201.070007,1189.01001,22.140268,187.817413,108.690002,35.190273,98.321899,117.193886
2018-01-03,1091.52002,184.669998,205.050003,1204.199951,21.733021,190.071381,108.019997,35.757534,96.428093,116.886162
2018-01-04,1095.76001,184.330002,205.630005,1209.589966,21.494635,188.595337,108.860001,35.99638,95.744759,117.461906
2018-01-05,1110.290039,186.850006,209.990005,1229.140015,21.19665,187.248932,111.139999,36.175518,95.94976,117.799408
2018-01-08,1114.209961,188.279999,212.050003,1246.869995,21.295979,187.976974,109.099998,35.677917,95.383568,117.124397
2018-01-09,1112.790039,187.869995,209.309998,1252.699951,21.216516,185.792816,109.690002,36.006336,94.739288,117.213745
2018-01-10,1110.140015,187.839996,212.520004,1254.329956,21.166851,184.925156,109.629997,35.150463,95.569046,116.618149
2018-01-11,1112.050049,187.770004,217.240005,1276.680054,21.842283,188.874588,111.349998,35.628159,95.715477,116.022545
2018-01-12,1130.650024,179.369995,221.229996,1305.199951,22.666708,191.328018,114.839996,36.195423,98.058327,116.518875
2018-01-16,1130.699951,178.389999,221.529999,1304.859985,22.855433,191.018845,112.879997,35.61821,97.999756,116.995354
2018-01-17,1139.099976,177.600006,217.5,1295,23.242811,191.77681,112.800003,36.31485,96.935715,118.305672
2018-01-18,1135.969971,179.800003,220.330002,1293.319946,23.054087,190.998886,112.900002,35.558495,95.520233,118.176628
2018-01-19,1143.5,181.289993,220.460007,1294.579956,23.560661,191.77681,114.730003,36.085949,96.301186,119.288406
2018-01-22,1164.160034,185.369995,227.580002,1327.310059,23.679855,193.861237,115.019997,36.782589,96.545235,120.618584
2018-01-23,1176.170044,189.350006,250.289993,1362.540039,23.799049,192.903793,114.699997,37.011486,97.648331,120.410126
2018-01-24,1171.290039,186.550003,261.299988,1357.51001,23.322273,193.721619,114.339996,37.310047,100.889282,120.251289
2018-01-25,1182.140015,187.479996,269.700012,1377.949951,22.875298,197.421707,115.07,37.548893,98.790474,120.013054
2018-01-26,1187.560059,190,274.600006,1402.050049,22.378656,198.37915,115.43,38.136063,98.839279,120.866745
2018-01-29,1186.47998,185.979996,284.589996,1417.680054,22.557446,197.790726,116.349998,37.956928,98.312141,118.792076
2018-01-30,1177.369995,187.119995,278.799988,1437.819946,22.835566,197.381821,114.599998,37.698177,98.68309,119.01046
2018-01-31,1182.219971,186.889999,270.299988,1450.890015,22.924961,194.34993,115,36.31485,98.751427,119.417458
2018-02-01,1181.589966,193.089996,265.070007,1390,22.557446,192.953674,113.870003,36.533791,98.595238,119.417458
2018-02-02,1119.199951,190.279999,267.429993,1429.949951,21.534367,190.480286,108.830002,36.046143,96.867378,117.799408
2018-02-05,1062.390015,181.259995,254.259995,1390,20.382158,182.282227,105.239998,35.389313,90.424515,113.6203
2018-02-06,1084.430054,185.309998,265.720001,1442.839966,20.997993,184.516235,107.849998,36.245182,87.037148,112.726898
2018-02-07,1055.410034,180.179993,264.559998,1416.780029,22.031008,182.701111,106.080002,35.528641,83.356903,112.667343
2018-02-08,1007.710022,171.580002,250.100006,1350.5,21.673426,178.133331,101.580002,33.926369,82.937141,109.341919
2018-02-09,1046.27002,176.110001,249.470001,1339.599976,21.613829,180.237701,107.620003,35.021088,81.023804,110.364365
2018-02-12,1054.560059,176.410004,257.950012,1386.22998,21.534367,180.576782,104.739998,35.777439,83.581429,111.108856
2018-02-13,1054.140015,173.149994,258.269989,1414.51001,21.534367,183.658539,104.839996,36.016285,83.083572,111.317322
2018-02-14,1072.699951,179.520004,266,1451.050049,22.636909,186.850006,105.870003,36.006336,87.964523,108.309547
2018-02-15,1091.359985,179.960007,280.269989,1461.76001,22.795835,191.479996,108.57,36.474079,88.491669,110.155907
2018-02-16,1095.5,177.360001,278.519989,1448.689941,22.74617,191.559998,107.959999,36.862209,85.582611,110.245239
2018-02-20,1103.589966,176.009995,278.549988,1468.349976,21.911812,188.119995,106.809998,36.434273,83.464287,108.676834
2018-02-21,1113.75,177.910004,281.040009,1482.920044,22.040941,185.75,105.690002,36.384514,83.581429,107.207687
2018-02-22,1109.900024,178.990005,278.140015,1485.339966,21.484701,186.589996,107,36.553696,83.210472,108.45845
2018-02-23,1128.089966,183.289993,285.929993,1500,21.822416,189.809998,106.610001,37.439423,82.995712,108.875366
2018-02-26,1143.699951,184.929993,294.160004,1521.949951,21.564163,192.809998,106.220001,38.215679,83.376427,110.126122
2018-02-27,1117.51001,181.460007,290.609985,1511.97998,21.216516,190.100006,103.93,36.961727,80.564995,110.076485
2018-02-28,1103.920044,178.320007,291.380005,1512.449951,21.295979,190.899994,102.639999,36.245182,79.09095,108.925003
2018-03-01,1071.410034,175.940002,290.390015,1493.449951,20.928463,189.029999,104.089996,35.359455,79.120239,108.120003
2018-03-02,1084.140015,176.619995,301.049988,1500.25,21.683357,189.330002,104.410004,35.757534,79.881668,109.040001
2018-03-05,1094.76001,180.399994,315,1523.609985,21.79262,191.479996,102.639999,35.976482,80.379517,109.43
2018-03-06,1100.900024,179.779999,325.220001,1537.640015,22.259462,191.460007,104.360001,36.842304,81.843803,109.580002
2018-03-07,1115.040039,183.710007,321.160004,1545,21.742954,187.360001,89.25,36.334751,81.043327,109.839996
2018-03-08,1129.380005,182.339996,317,1551.859985,21.603895,185.690002,91.32,36.613407,81.228806,112.080002
2018-03-09,1160.839966,185.229996,331.440002,1578.890015,22.309126,188.580002,92.699997,37.031391,80.896904,112.540001
2018-03-12,1165.930054,184.759995,321.299988,1598.390015,22.517715,189.369995,94.290001,37.32,81.570473,112.75
2018-03-13,1139.910034,181.880005,315.880005,1588.180054,22.348858,187.460007,94.419998,36.849998,82.361191,113.599998
2018-03-14,1148.890015,184.190002,321.549988,1591,22.18,184.630005,92.809998,37.23,82.683327,112.610001
2018-03-15,1150.609985,183.860001,321.089996,1582.319946,21.870001,185.509995,94.160004,36.700001,80.984756,111.989998
2018-03-16,1134.420044,185.089996,318.450012,1571.680054,22.25,185.869995,95.75,36.619999,81.258087,111.639999
2018-03-19,1100.069946,172.559998,313.480011,1544.930054,22.26,184.149994,94.57,36.25,80.389282,110.360001
2018-03-20,1095.800049,168.149994,317.5,1586.51001,21.75,187.350006,94.940002,36.18,80.30143,109.900002
2018-03-21,1094,169.389999,316.480011,1581.859985,21.889999,186.070007,94.720001,36.299999,82,108.739998
2018-03-22,1053.150024,164.889999,306.700012,1544.920044,21.32,182.639999,93.540001,36.18,80.519997,107.940002
2018-03-23,1026.550049,159.389999,300.940002,1495.560059,21.299999,180.839996,91.949997,35.450001,83.919998,106.150002
2018-03-26,1054.089966,160.059998,320.350006,1555.859985,21.07,187.220001,95.209999,36.580002,85.220001,106.809998
2018-03-27,1006.940002,152.220001,300.690002,1497.050049,20.25,183.149994,93.629997,36.080002,83.660004,107.639999
2018-03-28,1005.179993,153.029999,285.769989,1431.420044,20.610001,183.610001,93.910004,35.5,82.32,109.18
2018-03-29,1037.140015,159.789993,295.350006,1447.339966,20.99,188.429993,94.900002,36.369999,83.239998,109.150002
